CardID,Auth,Cur,CU,Avg.BB,OD,CCAge,CUT,Loc,LocT,ODt,AmtT
11111,746,58444,23,89977,25,392,6,5,10,1,32404
11112,943,33174,36,69313,28,319,2,4,2,8,66757
11113,869,84129,19,73066,27,199,3,7,2,4,39125
11114,875,35728,13,68512,25,377,6,2,7,7,76962
11115,594,35550,28,81650,20,115,2,17,2,4,7696
11116,282,31527,24,49180,15,266,3,5,3,9,27652
11117,694,70353,22,72588,7,186,8,4,3,9,71047
11118,672,41378,22,58696,22,135,7,2,3,7,73275
11119,200,54518,35,51310,18,117,3,6,10,3,55736
11120,757,42888,18,53791,27,184,5,1,4,9,28290
11121,703,16720,12,54021,3,209,8,10,3,9,21050
11122,116,74910,28,70643,14,306,9,9,5,5,71093
11123,595,19743,26,60725,21,135,5,17,2,10,37521
11124,234,23365,20,54062,8,240,5,1,4,4,66855
11125,691,68164,29,72219,24,204,10,9,2,1,8989
11126,560,20764,15,57545,24,248,8,17,5,7,61777
11127,418,69041,32,50736,9,212,4,12,5,2,53655
11128,906,34826,34,77975,16,256,1,20,10,1,8436
11129,502,48200,18,70931,13,322,7,8,7,1,71089
11130,808,81713,29,53895,16,358,4,17,7,4,12478
11131,402,63650,16,76156,16,311,9,7,8,4,82994
11132,623,62116,10,42580,5,216,4,5,6,8,70756
11133,889,45855,11,73681,17,385,5,2,10,1,25485
11134,323,53160,35,56979,8,220,10,6,9,8,12142
11135,678,60406,28,79230,10,223,8,9,1,5,67272
11136,806,76975,11,70326,7,199,4,17,3,2,20770
11137,620,53881,16,63306,17,131,9,15,8,9,50294
11138,931,11518,20,82561,28,273,9,4,10,3,72324
11139,441,72218,33,48475,8,241,5,2,6,4,84684
11140,893,26654,40,79000,29,356,10,14,1,10,12728
11141,969,24716,26,79086,7,137,9,19,7,3,88203
11142,187,19654,36,49262,15,367,9,4,1,10,7379
11143,837,31647,26,82073,21,301,7,20,6,10,5494
11144,838,53584,29,79406,28,206,9,14,9,7,65634
11145,952,37786,36,50342,11,366,6,1,1,7,74907
11146,431,35304,37,76164,1,291,1,16,8,8,39625
11147,121,66104,24,76946,26,147,4,6,3,8,46530
11148,646,51597,20,43406,27,183,6,2,9,6,47432
11149,993,82549,22,40775,18,134,9,6,9,6,6660
11150,211,43317,35,78138,16,159,1,4,8,5,1699
11151,404,53403,28,87926,29,339,6,2,2,4,46702
11152,696,46404,27,42712,3,253,1,3,7,6,30431
11153,216,48204,37,41330,28,165,5,11,1,8,38758
11154,888,74041,31,40207,28,320,7,18,10,1,84107
11155,820,30242,15,41202,11,423,1,13,2,10,87280
11156,797,45538,12,57400,10,200,6,16,2,1,56338
11157,449,28411,14,74982,23,249,8,13,7,6,30422
11158,239,49240,22,65778,20,433,4,18,1,2,28140
11159,703,47295,33,45125,25,408,9,14,9,6,85957
11160,841,27165,21,42733,28,178,1,12,6,1,6424
11161,936,89425,30,50320,13,448,1,4,1,5,2863
11162,995,13123,11,49716,2,397,2,6,6,7,19513
11163,464,22626,39,45484,15,169,2,18,9,6,59850
11164,825,66774,13,43684,26,378,8,8,8,10,82147
11165,318,61793,21,59726,6,242,9,4,3,7,54630
11166,143,59369,29,44921,16,321,8,20,5,2,78428
11167,631,87705,14,84403,12,258,2,12,6,3,67899
11168,827,11261,40,59691,17,213,9,14,7,8,76551
11169,963,43644,12,71143,23,442,8,9,5,4,30465
11170,962,38309,32,73423,6,420,2,8,4,4,62903
11171,721,29270,35,86317,4,199,2,12,4,5,64385
11172,932,15924,25,61479,21,131,9,19,9,10,9560
11173,149,76751,27,60212,11,251,6,9,7,10,81714
11174,558,33665,38,62982,19,413,3,9,9,8,18013
11175,771,19343,37,70355,5,306,8,10,4,1,86182
11176,990,18577,18,51567,25,357,8,9,8,6,37689
11177,878,50585,31,42068,21,214,10,15,10,8,37951
11178,782,62932,36,44930,18,410,1,11,4,5,22656
11179,637,52403,10,78945,23,145,6,9,2,10,35256
11180,871,27757,13,76431,23,212,1,2,5,6,42256
11181,882,84158,39,69025,27,323,9,19,2,10,11981
11182,930,26514,30,80394,23,447,8,12,9,9,63585
11183,568,12029,24,84609,28,163,2,10,10,1,51500
11184,988,75325,20,65715,5,263,4,7,10,9,14127
11185,818,21455,20,79223,23,434,10,6,4,6,49729
11186,389,25369,39,70264,7,344,4,16,3,4,27506
11187,785,15226,33,64349,25,409,9,5,10,8,71207
11188,268,79181,19,68838,2,199,3,6,10,1,28125
11189,517,50591,25,60678,13,171,9,15,3,2,49261
11190,489,22201,21,51783,26,271,9,3,3,6,1871
11191,998,29469,20,75402,29,413,7,12,9,5,57894
11192,454,89077,38,50433,18,316,10,5,3,7,68058
11193,484,25001,31,72592,6,181,1,7,9,3,47429
11194,463,80112,14,75506,17,341,8,3,5,10,84426
11195,279,73843,25,60886,24,259,2,15,7,8,45828
11196,692,46304,15,48527,9,115,8,8,2,10,46753
11197,495,88904,30,72154,1,121,1,11,1,9,30230
11198,800,14328,39,54416,1,316,10,4,4,7,9688
11199,519,13221,15,41990,10,255,4,1,6,7,41041
11200,459,45439,40,58809,28,286,4,9,3,7,44985
11201,762,71315,18,43048,8,236,10,20,5,1,17401
11202,240,79074,32,74142,12,362,7,10,3,5,40984
11203,392,15018,27,53292,23,279,3,15,3,7,74182
11204,801,39033,39,62554,29,244,7,8,2,5,51300
11205,687,76212,29,89601,30,327,4,15,8,2,3908
11206,164,57670,36,69260,19,226,8,9,3,8,10989
11207,791,61987,37,63228,4,309,7,19,8,5,24190
11208,566,88744,38,89523,30,253,4,19,6,1,72376
11209,835,35176,38,73525,7,169,2,17,5,10,89168
11210,429,52733,28,57157,23,348,7,11,9,7,19888
11211,496,83795,20,74434,2,120,2,20,9,7,11659
11212,868,78443,10,42333,24,158,4,1,9,7,42857
11213,673,27969,34,86932,6,346,1,17,2,6,63457
11214,332,74564,11,75654,6,286,9,16,2,6,59852
11215,604,84384,29,73735,24,194,3,20,9,10,74551
11216,409,10241,13,83349,15,264,4,12,7,7,30476
11217,189,28046,36,60736,30,399,8,14,2,9,10645
11218,590,43533,20,44227,10,332,2,20,8,2,29694
11219,765,55023,37,54560,7,141,8,12,5,7,88529
11220,288,74411,35,45671,27,298,9,17,3,9,16080
11221,795,84655,35,76030,1,239,8,3,5,3,82301
11222,988,88647,22,86906,17,259,3,16,8,9,52134
11223,859,11944,31,43297,25,263,3,18,1,7,60319
11224,261,57663,18,58981,4,361,5,12,1,10,81752
11225,401,13001,14,41989,30,193,3,19,6,7,42791
11226,472,16690,14,68573,29,186,1,8,8,4,25922
11227,583,84556,27,55727,10,216,8,13,7,6,15255
11228,882,74929,40,88191,8,287,8,17,9,9,79403
11229,432,59950,22,71769,2,157,3,7,8,7,9147
11230,574,66017,35,88380,22,205,6,6,3,9,59403
11231,230,43662,27,54510,20,131,8,6,6,8,72660
11232,570,59318,35,48419,17,329,8,10,6,9,48444
11233,648,48281,20,62933,13,216,2,14,7,6,86030
11234,673,88689,32,58201,17,445,4,19,1,7,72675
11235,692,26413,33,73932,10,296,10,10,3,5,32245
11236,259,81053,38,78450,10,403,1,6,6,2,57371
11237,184,32491,31,63618,1,264,7,10,8,2,5622
11238,675,27510,14,43673,29,427,9,16,6,9,83434
11239,347,19118,30,78089,22,196,7,17,5,4,71107
11240,865,78349,32,64271,25,297,2,19,5,3,41880
11241,717,27885,36,49723,2,239,7,4,3,1,58430
11242,732,31172,10,89502,17,309,8,1,5,7,83532
11243,733,35878,22,59174,23,428,8,11,1,6,41659
11244,390,84824,33,43061,17,341,9,13,1,9,51679
11245,954,74379,10,65987,28,208,8,9,4,2,68675
11246,338,26266,23,83763,9,268,3,8,4,10,85405
11247,689,66805,35,75011,25,121,8,11,10,4,40628
11248,144,63076,18,85386,27,392,10,3,6,1,72677
11249,817,67586,11,69827,26,244,9,16,2,5,4716
11250,455,67745,26,83850,11,343,8,13,9,5,71982
11251,322,12719,31,60424,2,296,5,20,2,4,65162
11252,613,82660,37,84385,12,209,8,20,1,4,56487
11253,443,14224,30,48663,21,314,2,18,3,6,83147
11254,181,41183,17,54171,10,300,3,11,2,9,78574
11255,763,42649,38,66204,20,224,1,11,8,5,78248
11256,734,73934,22,74156,25,377,7,9,7,10,34210
11257,543,67861,14,70182,8,375,4,4,4,10,42639
11258,347,79317,40,67443,20,318,7,18,2,6,34007
11259,616,71905,29,76020,3,146,5,9,4,4,40259
11260,864,25349,26,42530,15,133,10,7,3,5,85457
11261,811,56754,32,67389,29,395,9,7,4,6,89785
11262,736,51386,16,68153,6,212,7,19,3,3,44172
11263,435,31043,35,80242,30,191,6,20,10,6,32321
11264,459,17673,37,87724,1,220,8,18,1,9,21150
11265,409,83011,34,49924,4,431,1,14,7,9,60414
11266,127,88046,11,48587,9,324,4,7,3,8,34474
11267,607,34205,29,89389,30,339,6,18,6,6,8232
11268,482,72527,21,88164,24,280,6,11,1,7,50093
11269,692,39043,20,50429,29,197,1,11,10,8,7001
11270,844,54606,27,86508,2,337,9,1,3,1,8997
11271,348,28212,29,48188,23,126,9,11,2,4,48894
11272,409,54918,20,58651,6,172,8,11,7,2,61415
11273,577,18918,20,44986,3,160,6,5,9,10,31639
11274,971,21616,24,42692,9,403,4,10,7,5,30819
11275,689,28947,39,73657,15,256,1,4,9,8,47676
11276,532,36271,28,48745,12,345,5,11,7,4,19942
11277,309,79160,21,88669,12,382,4,5,2,6,67459
11278,379,16926,16,75728,19,230,9,18,8,7,36949
11279,565,43800,40,87432,23,397,10,5,8,8,83545
11280,127,40376,16,87575,6,343,7,20,10,3,11034
11281,723,77085,29,73290,16,416,2,15,6,2,55838
11282,776,86066,40,42245,25,160,9,11,4,10,50575
11283,630,65430,22,81994,15,363,9,4,6,3,1162
11284,167,84001,39,40761,30,194,2,16,9,1,3111
11285,846,18162,13,51537,18,228,6,2,7,1,18693
11286,393,11940,29,49910,7,204,9,14,8,5,56487
11287,790,80415,38,71905,9,290,4,2,3,10,0866
11288,389,37453,27,63336,2,170,4,17,10,2,78677
11289,629,21730,29,40997,22,200,2,12,6,4,24099
11290,406,46929,25,64425,14,143,8,13,2,5,36657
11291,254,87360,11,79155,10,389,10,18,8,6,63312
11292,440,43396,15,45725,24,170,8,16,9,9,15406
11293,143,76786,20,69209,9,125,6,20,2,2,2916
11294,578,62624,37,87776,22,375,5,10,10,5,2999
11295,789,81873,11,80779,27,318,5,17,5,4,10767
11296,441,25548,21,60095,13,446,6,11,4,6,8198
11297,595,28313,20,54489,24,234,5,14,9,4,16785
11298,397,77166,13,73635,4,375,5,7,10,4,66226
11299,813,27925,15,73520,12,204,1,10,7,7,26126
11300,287,25084,20,50909,26,259,8,20,3,1,65492
11301,242,89716,16,80747,23,208,1,12,4,5,83730
11302,161,58732,39,79256,18,355,8,13,8,2,56524
11303,586,64798,24,64416,23,314,4,7,8,9,69781
11304,709,54628,18,73968,17,247,5,19,1,6,54221
11305,132,23702,27,86151,30,386,9,11,2,5,6779
11306,276,20601,12,88387,7,298,3,2,6,4,25163
11307,241,32494,28,66166,18,396,4,9,3,8,49069
11308,331,52964,39,51500,18,412,8,10,6,6,26691
11309,545,34896,25,75060,12,449,2,2,1,10,62780
11310,695,51189,22,83494,15,348,5,20,6,1,57534
11311,725,72903,13,46724,28,231,5,13,2,6,0999
11312,813,21892,36,66929,14,403,3,7,3,10,26831
11313,753,15580,31,43147,21,175,7,20,5,2,38578
11314,924,16711,25,50209,2,144,7,3,2,10,75760
11315,776,84088,40,56235,15,276,6,12,2,5,81262
11316,347,60564,29,72250,14,229,6,17,6,7,59585
11317,903,79401,33,46973,20,350,5,8,8,6,43555
11318,662,45525,31,46207,27,445,8,5,4,9,67671
11319,853,12770,37,54957,26,370,2,11,9,9,26301
11320,602,78863,27,85146,3,313,5,5,7,7,26728
11321,996,69618,38,69136,2,353,8,18,8,5,88033
11322,984,24911,30,46831,11,406,7,5,6,3,80366
11323,500,26813,38,46849,18,390,5,10,4,7,17824
11324,453,10185,10,85509,8,308,2,5,3,2,46584
11325,129,81788,18,47649,28,256,10,3,10,8,8889
11326,126,69616,40,67834,17,223,1,9,4,5,86090
11327,237,70748,19,43906,9,199,9,4,4,10,68759
11328,271,24083,12,48727,1,150,10,20,7,7,60546
11329,300,37020,19,59967,30,151,2,8,3,3,42184
11330,292,43221,38,42356,21,377,7,5,10,7,16905
11331,664,39870,36,49380,5,365,3,17,10,7,15467
11332,560,74033,25,84190,19,199,3,17,4,2,33766
11333,687,14127,39,80969,8,165,6,3,3,8,48525
11334,935,80972,23,76718,1,217,3,1,2,10,47703
11335,308,11957,25,65812,9,159,9,1,7,4,10318
11336,920,28692,37,47217,6,385,6,5,8,4,13448
11337,603,49036,34,65686,16,406,3,20,1,3,67827
11338,238,54888,33,51787,30,265,4,5,8,2,60642
11339,480,50810,24,51513,2,175,10,14,1,8,48656
11340,752,13664,18,86277,12,151,3,4,9,9,42388
11341,260,54008,19,60019,25,381,2,14,3,4,26714
11342,206,14785,35,43788,16,259,2,12,4,3,58329
11343,565,82147,31,74317,1,208,2,14,2,1,83085
11344,903,78436,18,89750,18,167,5,19,2,10,15277
11345,131,56420,39,45620,15,321,1,9,1,3,52032
11346,341,73510,39,59762,7,231,5,2,1,5,6644
11347,250,87328,37,71525,11,380,10,9,2,6,44890
11348,923,73613,22,50765,21,408,7,16,4,1,61628
11349,893,12234,38,47097,30,172,9,10,7,1,37285
11350,992,77135,24,46490,1,371,7,4,5,4,80096
11351,525,46288,40,41671,24,335,9,10,4,5,1992
11352,890,54503,16,66512,5,402,4,16,9,6,41001
11353,977,61543,16,87725,30,165,8,13,7,2,83585
11354,914,78729,39,48483,26,307,10,16,10,10,33903
11355,344,81220,30,56585,18,351,8,12,3,9,62999
11356,995,30504,40,58062,16,294,5,14,6,6,64339
11357,930,46624,30,68148,19,135,6,11,6,5,14328
11358,470,79830,31,88050,2,289,9,3,3,9,42963
11359,266,73999,13,48959,7,315,8,8,6,6,42230
11360,230,53857,36,72549,2,223,5,4,4,6,47985
11361,652,51302,36,45796,12,340,4,7,9,1,57246
11362,820,71829,23,60799,29,184,4,7,6,1,26234
11363,680,87742,32,52376,3,128,9,6,7,8,12817
11364,339,31834,27,82352,16,310,2,14,3,10,47505
11365,755,75217,30,75557,17,136,7,8,5,9,9100
11366,878,89019,15,70301,4,168,5,9,4,1,63822
11367,260,77620,19,80630,25,374,2,9,7,7,0048
11368,359,73326,30,58242,6,323,10,13,8,8,80344
11369,116,73827,26,85301,2,139,2,13,2,6,18060
11370,629,83346,23,66947,29,346,8,16,1,10,11103
11371,111,43486,20,50795,13,176,1,16,5,9,84276
11372,266,81282,27,71182,20,374,8,12,7,7,87831
11373,725,45186,19,81551,11,205,4,9,3,8,60529
11374,566,45925,23,62077,21,162,9,14,1,6,26276
11375,169,66596,37,48293,29,223,2,6,9,3,52282
11376,745,42444,31,62748,27,393,6,17,8,9,28940
11377,797,11770,18,51060,13,393,5,19,10,8,50353
11378,308,87365,26,72192,16,230,6,17,9,4,60650
11379,669,65347,30,73801,2,427,6,5,8,10,19832
11380,691,86450,28,51285,11,320,4,3,9,2,54150
11381,301,25149,36,80689,9,418,5,18,8,8,29881
11382,195,61503,22,77072,23,405,9,8,10,8,58150
11383,581,78250,40,72459,20,279,6,14,10,9,61809
11384,279,88655,36,72910,29,284,6,18,4,10,15556
11385,999,79444,15,89067,19,127,8,9,7,8,78498
11386,814,43652,15,84283,19,180,8,19,8,5,77100
11387,275,17443,33,83440,12,237,5,20,10,5,44330
11388,929,28714,39,43847,7,220,10,11,9,5,46639
11389,284,86500,29,89053,6,429,5,2,4,7,20292
11390,431,53066,26,89083,20,442,5,14,4,8,11950
11391,160,34627,30,65961,9,389,4,14,8,7,10849
11392,826,48745,28,62899,29,205,1,8,2,8,60729
11393,251,17819,40,56387,11,150,4,7,10,8,13128
11394,729,61347,29,64652,13,306,5,19,7,6,85616
11395,166,16745,22,67302,20,279,3,15,10,3,59670
11396,896,68986,14,59282,17,334,9,16,10,1,84191
11397,607,43745,22,73910,21,252,4,1,3,10,40204
11398,315,85603,16,73688,1,338,1,1,1,4,20213
11399,255,56012,23,55055,5,360,4,7,4,6,59596
11400,613,33734,11,83577,21,427,5,7,10,4,8463
11401,834,19011,40,58879,25,450,9,11,2,10,10263
11402,256,26843,21,50189,13,157,7,15,5,4,70580
11403,768,48099,25,89245,6,230,5,8,9,2,27156
11404,559,82017,21,86731,30,332,8,12,5,5,42241
11405,712,89807,33,87347,28,125,1,13,2,6,75415
11406,827,22397,24,84974,25,134,5,11,2,5,62682
11407,305,80219,24,89711,10,407,9,14,8,6,5767
11408,509,31357,34,73055,20,191,3,5,7,8,53023
11409,136,60961,15,87283,22,367,1,13,3,9,88654
11410,863,78834,11,79059,6,256,3,11,2,8,13341
11411,991,79781,30,73485,6,304,4,19,1,10,80820
11412,891,10385,22,68194,12,258,1,4,2,8,46137
11413,959,40776,37,66142,10,145,2,15,3,9,76488
11414,571,26311,28,43267,8,439,3,4,3,3,15885
11415,144,35953,35,47145,30,187,10,14,2,6,83141
11416,424,16824,12,64033,19,283,7,3,10,5,80882
11417,912,30492,14,62035,16,227,4,11,10,9,75083
11418,552,68494,33,71403,12,338,5,16,9,10,0558
11419,132,19102,40,70974,8,436,9,13,8,8,58297
11420,381,17850,25,54402,29,385,7,14,2,7,40808
11421,964,53489,22,68079,18,189,6,9,8,8,50665
11422,369,33558,32,51414,13,112,4,11,10,6,36441
11423,308,57303,20,49177,25,240,4,11,3,6,85265
11424,447,37471,22,59226,18,235,10,13,1,8,35241
11425,930,46314,36,55313,30,279,7,4,2,8,57997
11426,728,16744,31,81982,18,437,3,12,9,2,72623
11427,950,84033,39,75342,12,386,10,10,7,2,1920
11428,169,85792,21,76094,23,290,7,10,1,4,48726
11429,536,11220,10,89891,29,359,10,13,10,7,17071
11430,345,62409,24,70172,12,379,7,2,9,5,13771
11431,410,28516,30,82295,6,421,10,17,1,5,12866
11432,120,66187,28,81066,4,391,6,7,7,6,85596
11433,627,11327,36,42333,30,358,6,8,9,4,79858
11434,175,25713,20,63327,23,316,8,16,10,8,34281
11435,486,35370,37,83730,17,254,6,18,4,10,68086
11436,523,29435,18,47765,29,412,3,14,6,8,12541
11437,479,59870,22,46346,30,337,2,2,3,6,76330
11438,378,28366,30,64533,21,290,6,15,8,10,79309
11439,322,47884,27,66904,15,231,3,14,7,1,46577
11440,412,55032,10,45987,18,268,6,18,5,8,1775
11441,405,29089,10,73450,11,200,1,13,2,7,3775
11442,313,14730,21,65180,27,263,5,13,7,4,7380
11443,303,47175,38,42856,7,372,2,13,2,8,20139
11444,365,89787,10,58044,12,439,6,13,9,3,77740
11445,773,85130,22,56920,1,334,4,15,5,2,82544
11446,337,31423,15,68151,10,326,1,20,10,4,60772
11447,679,46902,26,79943,14,138,5,4,10,2,53444
11448,686,20991,34,84749,28,220,1,12,2,5,30228
11449,778,74080,26,40755,2,385,3,11,9,6,9657
11450,700,43410,35,70465,20,356,9,1,9,2,0874
11451,956,51571,22,77067,3,302,7,11,1,3,29015
11452,743,81272,20,84711,17,375,10,3,2,1,67772
11453,959,30811,27,72082,28,164,5,7,3,9,49785
11454,264,89524,14,76087,19,237,2,18,6,5,34811
11455,190,66252,10,41661,19,258,4,2,6,1,50745
11456,889,13336,29,44014,8,209,9,16,10,1,32390
11457,882,25024,37,63222,19,424,9,15,1,2,66660
11458,141,25066,35,47075,26,213,2,2,5,6,18395
11459,947,20074,22,43817,15,230,10,9,10,6,26823
11460,419,26152,40,74791,8,192,8,20,7,3,20089
11461,375,40367,23,67423,5,245,4,16,8,1,40211
11462,358,89353,20,61148,28,263,9,12,3,1,83165
11463,428,89569,28,46294,26,410,8,10,3,2,57108
11464,891,57602,20,75372,12,408,9,14,10,9,32981
11465,423,21580,23,89894,26,404,1,11,2,7,36790
11466,804,21816,20,47672,8,347,2,13,6,7,17212
11467,415,45571,20,56593,3,280,6,17,9,9,50759
11468,791,27698,13,41231,29,331,9,17,10,6,65836
11469,183,29312,40,72983,7,422,7,17,9,1,80338
11470,626,57157,17,46292,26,273,7,10,1,3,41208
11471,204,70363,37,87627,16,205,8,9,8,2,89076
11472,478,22619,34,86919,13,195,8,7,9,7,14897
11473,829,71889,40,67773,29,139,2,6,7,8,59363
11474,397,38392,36,85257,8,312,2,14,9,1,14431
11475,732,44846,26,50228,26,413,1,19,3,4,7911
11476,602,17206,36,88777,4,247,1,2,7,4,30315
11477,624,25375,26,73272,13,420,7,13,4,6,68377
11478,412,75959,21,86688,25,399,4,15,3,10,59415
11479,288,77096,34,79955,27,367,10,2,3,2,78717
11480,402,65929,39,53289,28,331,1,1,5,1,4305
11481,112,55313,10,63319,12,350,6,20,4,7,12132
11482,245,57276,34,63272,7,252,6,17,4,3,57361
11483,146,84851,18,72121,13,240,6,5,3,9,24268
11484,960,38500,16,62988,3,432,1,14,2,6,87386
11485,398,40294,10,84654,23,374,1,19,8,1,74908
11486,226,36619,19,49599,23,294,1,17,5,3,40478
11487,850,43870,15,71315,30,441,5,19,7,6,10990
11488,281,82578,18,53163,15,201,3,6,9,7,69002
11489,256,87116,34,47548,12,436,10,6,5,4,67219
11490,798,75025,26,57093,10,324,9,6,9,9,51734
11491,589,56010,31,65827,8,387,10,19,3,7,25612
11492,520,40640,39,74813,7,351,6,4,5,4,23388
11493,157,32406,37,80163,15,315,7,3,9,6,30435
11494,907,35829,36,77191,25,258,5,5,7,5,15316
11495,412,56777,22,72546,30,262,1,14,1,4,31909
11496,469,76487,22,77971,20,126,9,5,5,6,60689
11497,712,40206,33,55821,4,275,5,11,6,4,20661
11498,717,51221,22,57647,29,199,6,15,1,8,88576
11499,261,51052,26,55676,18,301,5,16,8,5,64163
11500,784,87761,20,75910,7,339,6,7,5,2,9769
11501,344,24481,28,70435,30,333,4,1,5,9,38152
11502,355,57542,12,55371,17,367,3,20,4,5,82857
11503,262,25933,22,88843,6,306,6,5,10,8,9668
11504,173,58580,25,73439,7,209,1,9,1,10,51550
11505,641,88763,30,77081,13,353,10,20,6,7,74165
11506,884,66341,30,77175,5,113,3,12,4,1,88637
11507,665,26178,18,65447,6,419,8,3,6,8,74703
11508,265,87782,32,89223,8,121,9,17,5,2,0754
11509,296,27900,34,54885,15,155,9,8,5,1,39427
11510,843,58009,33,88785,27,299,10,17,4,7,53839
11511,717,67539,36,86030,27,244,4,15,7,3,33299
11512,483,40320,24,66904,27,129,5,3,8,1,65802
11513,618,89930,40,47613,19,412,1,18,9,4,60236
11514,745,71326,13,68560,23,195,5,15,9,1,2837
11515,663,68212,20,65878,14,309,10,3,7,8,46534
11516,516,40758,29,69365,29,113,2,19,10,10,32694
11517,434,51173,37,53461,25,296,10,15,8,10,73483
11518,193,17154,24,79681,25,343,2,8,6,6,1489
11519,941,77108,27,41634,17,330,6,14,4,9,62809
11520,920,76526,24,44193,6,208,6,16,5,10,84656
11521,883,12174,14,71298,7,127,5,17,9,7,13223
11522,975,16370,15,47776,21,267,1,18,1,3,20951
11523,340,27381,34,83829,13,349,6,20,5,9,65613
11524,309,87266,16,75373,1,151,10,10,10,8,67495
11525,327,78194,13,46954,28,341,10,7,6,8,42884
11526,415,41102,38,85695,1,260,8,10,7,8,68864
11527,547,72675,11,52525,9,449,6,12,9,5,50857
11528,296,84929,39,46092,21,346,4,3,1,2,75154
11529,961,51879,33,84055,30,228,1,15,3,7,25099
11530,942,82827,21,79590,19,282,4,9,2,1,77436
11531,398,65910,18,82544,12,250,4,15,5,7,30226
11532,477,11558,32,53303,15,427,3,17,7,7,19734
11533,146,76538,30,85302,29,284,6,20,6,5,85603
11534,492,42705,37,73593,10,332,7,19,10,5,13351
11535,900,64963,35,54424,29,252,3,12,9,10,45608
11536,283,75837,32,40592,13,245,6,11,6,3,2999
11537,171,34227,25,57528,30,410,4,8,9,2,71671
11538,350,23229,21,59185,14,232,4,8,9,5,77516
11539,507,72362,36,62505,19,219,7,4,5,8,80477
11540,785,14839,39,43402,14,176,8,1,4,1,47553
11541,375,29739,16,49638,10,204,8,6,8,9,19425
11542,225,59540,14,63832,18,116,6,1,1,3,66282
11543,268,81991,37,62111,12,303,8,5,8,3,58671
11544,883,21069,25,50056,12,185,1,7,2,7,54586
11545,860,80859,16,68522,27,341,1,19,9,3,75461
11546,821,41357,24,54643,14,324,7,10,10,5,70312
11547,399,88896,31,40130,9,393,8,11,7,9,13421
11548,295,56119,19,83425,30,182,5,19,1,6,69590
11549,903,56581,19,42479,9,312,6,6,8,10,18227
11550,340,65548,21,64980,7,435,5,3,8,2,40702
11551,215,37573,32,82827,26,221,1,13,8,7,20878
11552,787,46211,11,88370,4,145,2,6,10,2,0817
11553,315,61587,11,44112,2,189,10,15,6,1,24808
11554,445,47259,35,55101,6,352,1,12,7,9,89943
11555,986,67065,35,66224,14,329,4,2,3,5,63798
11556,531,34512,35,47228,14,336,9,10,1,8,81054
11557,749,53788,35,68885,4,246,3,17,4,9,60515
11558,533,53897,22,62617,19,257,8,4,1,8,56415
11559,717,77819,35,43441,16,260,4,3,4,4,82044
11560,711,66725,22,51051,28,152,1,10,6,8,0765
11561,476,16521,17,68271,30,334,6,15,4,5,8584
11562,115,23799,15,41608,20,281,4,20,8,3,43949
11563,188,16893,26,44382,5,211,9,11,4,10,77851
11564,511,62537,32,76508,12,335,8,3,5,8,80990
11565,497,72359,22,82111,13,165,1,19,1,4,53541
11566,978,83867,11,62896,11,153,10,1,9,6,2885
11567,683,35044,37,67241,27,407,8,6,5,6,88784
11568,558,83767,32,49829,17,150,3,4,2,7,2287
11569,328,53234,22,88924,12,173,4,18,7,2,8794
11570,191,87211,37,75016,23,264,3,13,9,6,37610
11571,343,80226,32,47899,29,401,8,2,9,10,63455
11572,592,86245,17,68869,7,246,6,16,6,5,52619
11573,305,14455,32,59705,13,450,1,9,5,2,89567
11574,500,53989,19,51262,16,230,2,19,3,2,83904
11575,475,10148,37,76304,23,332,2,8,8,2,58667
11576,166,86669,14,87452,1,445,9,16,6,3,50276
11577,321,17215,22,40254,3,215,7,18,7,5,64999
11578,764,61762,23,68564,25,155,3,6,1,10,26617
11579,350,83400,15,43939,30,416,4,16,2,10,46225
11580,225,11940,26,79367,18,343,1,8,10,6,17161
11581,994,22402,33,49039,4,168,7,18,3,5,36897
11582,454,78642,13,65804,27,290,1,16,5,3,72648
11583,901,21628,29,60321,13,380,4,11,2,2,86327
11584,309,45015,10,64665,20,403,10,11,10,1,21147
11585,788,43184,14,47915,23,164,8,16,8,1,70628
11586,887,10491,13,58783,4,348,6,3,5,9,71723
11587,730,50384,10,66966,22,153,9,13,9,8,28553
11588,538,62624,27,44737,18,426,10,19,4,3,87953
11589,421,15698,40,78003,9,225,8,20,7,2,26368
11590,447,60663,34,59197,27,447,2,8,4,5,66646
11591,250,76660,12,48369,12,334,6,19,7,10,5676
11592,786,71228,11,82908,2,308,4,5,2,3,66320
11593,452,31563,24,46127,11,273,5,12,8,3,59179
11594,328,28200,40,57943,23,287,2,18,5,6,61960
11595,298,65847,12,43115,30,385,2,14,2,4,89895
11596,839,79642,34,50593,1,267,10,20,10,4,65310
11597,306,74781,22,69545,10,366,10,6,3,1,73741
11598,871,80627,34,54161,1,273,8,20,8,4,68213
11599,397,89172,12,60224,7,435,5,15,4,2,19661
11600,523,64627,21,40847,21,396,3,13,8,7,32483
11601,951,55419,34,61226,13,389,5,9,6,2,78440
11602,629,80984,25,60021,1,246,3,8,9,2,38952
11603,116,56721,16,77597,29,252,2,17,5,5,60156
11604,257,80094,19,84754,23,255,10,2,7,4,39534
11605,130,26685,32,46763,18,356,9,16,9,2,35082
11606,481,62075,12,48869,11,354,10,6,7,5,87364
11607,312,88593,27,69025,24,143,2,17,1,7,38403
11608,341,56357,20,47160,29,352,9,2,2,7,49121
11609,245,31835,26,70385,10,173,7,8,4,1,54126
11610,551,54886,27,81450,30,347,9,9,1,9,22085
11611,491,37598,32,80720,29,308,7,4,2,3,63608
11612,956,51555,17,66347,10,310,4,17,2,10,49940
11613,495,52897,19,64836,25,262,4,13,3,3,7582
11614,961,67372,28,62879,13,177,1,6,1,4,38816
11615,527,54336,35,82254,21,147,3,19,9,9,73695
11616,214,55072,30,57602,10,135,9,11,2,8,4929
11617,342,15231,19,62938,25,207,7,14,2,7,3171
11618,913,63986,12,82013,18,337,2,10,1,3,30171
11619,314,44704,24,47005,19,246,7,8,6,2,10535
11620,911,82979,17,69378,4,364,7,4,5,3,85675
11621,956,48356,25,61362,11,271,9,10,3,7,59231
11622,371,85232,26,87047,5,281,4,5,7,2,56076
11623,656,89644,16,71543,8,143,1,1,3,2,76934
11624,906,70844,40,48843,24,297,9,12,6,8,41115
11625,931,68930,10,63965,23,364,2,6,1,4,7728
11626,576,83167,31,40736,15,131,9,10,3,9,88181
11627,369,56244,15,59641,19,249,9,13,7,2,0251
11628,238,26149,13,61470,18,378,8,8,7,2,14174
11629,962,65055,17,47609,6,297,5,2,2,6,89163
11630,564,77404,18,72754,5,389,2,12,8,4,31912
11631,720,81911,35,51263,26,201,1,15,6,4,76584
11632,210,59321,11,72097,9,152,6,10,4,8,6439
11633,422,28577,40,56711,4,290,3,13,10,6,22809
11634,542,48471,36,59173,30,119,2,13,2,3,3166
11635,630,61159,33,87986,29,335,7,19,3,1,5256
11636,680,76563,27,77349,12,289,1,3,9,9,57729
11637,398,87724,30,49445,25,315,7,4,2,6,28981
11638,980,64242,29,78908,17,361,1,10,7,8,85640
11639,932,40028,36,57595,11,147,7,9,4,1,62676
11640,153,15270,19,56855,17,393,6,6,9,10,48315
11641,248,55156,11,82155,8,165,2,4,8,6,2078
11642,424,11160,23,87880,10,192,7,16,10,7,18971
11643,998,18581,33,46827,1,248,10,3,10,4,48182
11644,633,65192,19,50888,27,383,10,5,7,3,41261
11645,385,82443,11,42691,15,436,5,8,8,5,77249
11646,526,19395,28,72115,6,406,10,18,6,6,16418
11647,737,45401,28,82059,11,415,7,10,2,10,21056
11648,617,59719,36,77594,23,135,9,13,2,2,86560
11649,439,67751,37,66913,10,326,6,17,4,9,86947
11650,940,67710,19,59932,26,340,8,4,1,3,82512
11651,528,25949,17,52180,3,423,8,8,6,4,35929
11652,395,84905,20,89456,26,227,5,9,6,9,88727
11653,311,37962,16,72005,4,219,7,1,5,5,1221
11654,184,22906,20,75253,24,238,3,11,8,6,86354
11655,301,68137,15,78471,28,328,10,20,4,9,66085
11656,243,87958,16,88474,6,189,1,9,7,1,7859
11657,649,54466,28,58329,3,210,8,4,1,9,78716
11658,560,32933,20,62656,28,241,1,18,2,4,79504
11659,371,20364,20,81857,25,245,7,7,3,4,80032
11660,612,87501,37,60730,28,293,1,1,6,6,55260
11661,124,75782,40,81736,2,166,9,11,8,8,14665
11662,980,25703,39,67065,7,267,1,17,8,4,74073
11663,711,57747,27,77706,8,215,1,4,5,1,53525
11664,435,38719,39,56920,28,164,9,7,2,3,59718
11665,523,44782,27,53873,28,184,9,3,3,9,56521
11666,342,19151,35,82414,29,209,5,11,5,1,27162
11667,116,32531,38,58587,15,420,5,9,1,9,55716
11668,810,45304,28,80639,29,285,6,10,1,9,72581
11669,322,67052,12,67466,20,168,8,14,1,7,25966
11670,937,79380,26,43305,29,412,7,20,7,6,21275
11671,853,79145,18,67767,27,296,4,12,10,3,23840
11672,460,82202,15,82709,7,286,8,13,9,9,74870
11673,362,22032,36,44905,11,393,2,18,4,7,55513
11674,852,21980,29,41683,22,419,9,14,9,3,84875
11675,982,12251,38,44941,2,236,10,6,6,8,50178
11676,637,78273,21,68365,24,433,1,17,3,8,59521
11677,378,16838,22,63033,17,167,1,20,10,5,29859
11678,720,30618,17,56107,12,240,7,13,8,4,57029
11679,254,21023,20,55867,20,337,10,4,3,9,1132
11680,706,84951,29,58106,9,324,2,15,10,6,60281
11681,660,88572,36,66867,2,325,2,13,1,3,22219
11682,671,47303,21,83413,4,176,2,5,7,5,40231
11683,991,19376,26,43228,20,241,8,15,4,4,10159
11684,861,35367,26,63613,17,224,3,14,8,3,51844
11685,745,37579,17,76284,11,321,10,11,8,9,15019
11686,293,51720,11,72524,2,396,9,17,7,5,37885
11687,993,34868,35,56503,6,427,4,3,6,6,0790
11688,395,68348,14,76144,28,214,3,20,2,6,50052
11689,742,44914,17,85172,14,450,2,11,1,6,78378
11690,365,89796,17,65710,27,336,7,17,4,4,23413
11691,896,72166,39,63438,26,184,1,9,2,6,23794
11692,755,26277,11,64302,1,305,10,17,9,9,14083
11693,346,55322,26,44294,1,127,9,6,3,4,4846
11694,608,10387,12,42333,9,428,3,8,3,3,73566
11695,191,65231,17,76308,1,307,3,13,4,6,46399
11696,758,11162,36,76792,15,420,7,16,3,6,29431
11697,839,29390,17,62395,4,166,3,11,9,1,89755
11698,197,89080,35,72502,4,431,10,10,3,6,81989
11699,569,45272,19,83450,4,193,6,1,7,9,62914
11700,162,28278,22,58000,25,154,10,18,10,3,69302
11701,135,89193,19,76638,10,404,7,6,6,3,83481
11702,422,86422,38,40997,2,264,4,13,5,7,37140
11703,511,75033,12,63540,15,352,2,5,10,7,74625
11704,386,14579,21,67567,25,140,8,15,9,5,64876
11705,274,71643,17,42951,18,375,5,2,5,6,22688
11706,494,86800,24,50336,16,345,5,7,4,8,45460
11707,912,53150,25,57772,22,448,7,16,3,6,42399
11708,542,66108,36,57268,11,351,3,12,4,4,5203
11709,214,66812,15,52655,1,420,6,10,3,1,58001
11710,166,70606,18,63908,5,130,7,12,10,5,67217
11711,391,61513,25,60434,24,338,3,15,4,4,85739
11712,671,29000,13,48284,28,408,1,18,6,6,42274
11713,866,83782,27,83062,24,269,4,10,4,6,31289
11714,235,35575,12,74807,9,258,10,6,2,3,16196
11715,720,43382,22,44892,24,432,9,6,1,5,10308
11716,738,54505,22,50220,18,380,5,5,5,9,34430
11717,777,13351,22,72077,24,215,6,17,7,5,27326
11718,237,46566,29,67167,9,120,2,3,7,1,84707
11719,141,46845,30,71575,22,189,7,5,7,3,16147
11720,197,24414,11,46269,11,293,2,9,10,7,15605
11721,254,38341,38,66154,16,136,9,8,4,8,70083
11722,812,43753,35,56400,5,351,1,13,5,6,80196
11723,430,28534,25,65538,26,384,1,10,7,7,1297
11724,304,39700,13,70507,12,311,6,7,9,3,0089
11725,287,89462,40,80727,7,143,1,16,1,9,34702
11726,828,19359,25,43063,5,145,1,6,10,8,39177
11727,330,26961,29,82224,5,153,3,16,8,4,68214
11728,711,70556,33,83701,17,152,10,8,10,3,46973
11729,580,38865,21,56573,14,239,3,5,1,5,3038
11730,188,63241,17,73937,24,331,3,19,5,2,50217
11731,519,30374,40,84578,14,304,2,5,7,9,53136
11732,582,38730,39,66723,2,320,6,15,8,4,57215
11733,735,55458,28,66939,4,332,1,3,8,5,51514
11734,695,15491,23,70549,23,405,5,2,6,2,30638
11735,446,21156,14,68730,7,296,4,12,5,8,12267
11736,724,26949,33,71790,5,272,4,13,8,6,24518
11737,752,25232,10,89279,25,366,1,20,7,4,24577
11738,643,20583,11,85462,2,295,5,9,3,1,57747
11739,344,26630,10,46319,6,318,4,15,10,9,0057
11740,165,67924,11,79234,22,433,4,6,9,5,86474
11741,654,88943,16,59516,4,160,6,13,1,2,89764
11742,625,86543,32,52312,21,337,7,10,10,2,0158
11743,725,36926,37,84144,21,401,3,10,2,10,61504
11744,521,73265,29,75409,30,132,1,7,6,1,29990
11745,750,28340,11,86836,8,355,2,18,9,5,46010
11746,446,41050,38,54665,6,224,10,19,6,3,65931
11747,260,81047,39,84606,4,259,10,12,7,2,11660
11748,527,11306,37,42353,17,396,6,20,3,9,0074
11749,572,38501,27,54393,19,263,8,12,7,6,29980
11750,291,61426,10,80228,9,160,4,6,6,4,73173
11751,614,10824,18,80892,20,368,7,8,4,9,14887
11752,715,34900,24,77984,25,238,8,1,1,3,31253
11753,992,16049,18,43451,29,252,10,6,2,6,19340
11754,934,43832,25,71371,14,384,2,7,7,7,83818
11755,908,30042,30,76662,19,313,3,20,6,8,81067
11756,280,40906,19,64546,19,415,10,20,1,1,87694
11757,762,35720,37,49387,19,165,10,16,1,2,37050
11758,239,45110,29,69718,1,377,3,2,6,5,26551
11759,880,65467,24,46960,28,156,4,13,7,2,60237
11760,342,75604,33,54027,17,435,3,2,2,4,2739
11761,316,33252,15,63983,22,229,1,1,2,3,2611
11762,400,74866,40,75395,20,433,6,9,2,2,36203
11763,813,60184,37,59303,9,127,6,4,9,3,58502
11764,940,75643,30,71627,25,204,4,19,1,4,24826
11765,984,54876,39,67432,19,375,7,19,8,10,20558
11766,260,14163,17,61257,17,147,5,12,5,9,28826
11767,665,33313,15,50523,11,235,8,17,6,2,31299
11768,737,71853,30,51666,16,339,2,9,10,1,77577
11769,792,75306,39,54572,23,171,4,6,2,7,68241
11770,899,73469,27,41320,28,436,1,12,8,9,63044
11771,791,15882,18,88421,17,360,3,14,3,1,4623
11772,447,48041,21,75418,23,256,10,20,3,4,48820
11773,524,18126,19,89280,20,248,8,7,10,5,34932
11774,517,82370,10,84892,18,191,8,12,7,2,0994
11775,858,63058,39,54874,17,154,9,19,8,6,70549
11776,274,46079,32,62117,27,176,8,7,7,6,12699
11777,852,53241,12,65927,20,215,5,12,8,2,86290
11778,119,13244,23,74279,19,262,5,1,6,3,57197
11779,691,75340,17,83931,10,392,1,18,10,4,18215
11780,424,66672,35,40460,4,184,7,18,6,1,18222
11781,300,26921,25,87429,28,215,3,16,4,2,40936
11782,305,84867,19,60835,20,282,10,9,7,1,25405
11783,140,49118,21,42612,17,122,1,8,9,8,11175
11784,292,33802,31,87302,10,149,10,3,4,6,55049
11785,239,15618,25,76062,2,149,10,19,3,7,33413
11786,938,85892,26,82760,12,348,6,4,3,10,18964
11787,462,84680,23,54907,16,183,8,20,9,7,28165
11788,891,16232,21,61860,21,123,1,12,1,4,15344
11789,177,46094,26,54222,5,190,7,6,1,6,51286
11790,342,29778,23,71935,24,398,8,18,6,8,32858
11791,234,54953,17,87876,13,266,9,11,2,5,73961
11792,383,47648,39,52133,3,449,8,11,2,7,53937
11793,632,55049,12,72859,21,230,1,16,3,2,85940
11794,937,87310,35,47852,8,354,1,9,8,7,67758
11795,323,41443,40,88041,13,306,1,17,7,9,61259
11796,616,34400,27,65290,9,332,7,5,4,4,57644
11797,197,14257,26,69380,23,125,10,12,9,8,17970
11798,878,62751,23,69546,17,318,2,2,9,10,45450
11799,354,53890,39,87187,13,227,2,8,3,3,15655
11800,879,65138,33,77153,30,281,10,7,1,7,4287
11801,777,50761,32,49977,21,322,2,14,9,1,84384
11802,145,52725,13,57873,5,340,1,7,2,9,11358
11803,327,84213,32,87439,10,147,1,13,9,8,79923
11804,301,67260,38,56331,15,169,7,18,10,10,68255
11805,552,67025,38,73626,16,315,7,4,9,4,23825
11806,185,13997,25,77044,3,298,2,4,3,4,34964
11807,465,50377,22,53823,3,419,6,14,4,5,61704
11808,404,14414,17,69355,15,288,6,7,7,2,7175
11809,194,56828,35,51654,15,248,3,1,1,2,24594
11810,156,73499,13,50363,15,422,1,14,7,5,89586
11811,718,10883,16,50170,25,345,2,4,3,3,86933
11812,383,35218,20,67021,17,301,4,16,1,2,3077
11813,350,84893,39,87883,29,299,4,9,2,9,16003
11814,748,22904,12,73170,13,406,2,3,5,5,78334
11815,565,74516,10,75564,28,364,9,14,5,9,5058
11816,479,28178,28,83839,28,425,1,6,3,5,63617
11817,686,16681,26,79134,27,189,4,6,10,8,86373
11818,916,44408,34,84853,10,355,3,13,3,1,74102
11819,370,15487,19,84715,29,438,2,11,9,8,37442
11820,753,24799,33,71459,5,406,8,13,7,5,20178
11821,259,32476,38,65370,13,386,7,4,5,7,78438
11822,494,32657,29,46670,23,370,9,15,8,4,59082
11823,136,59785,18,63346,25,311,8,5,2,5,82004
11824,780,73445,32,40320,19,148,3,2,7,4,88323
11825,431,15209,31,64578,11,115,5,8,10,7,50785
11826,349,20392,39,80266,3,134,1,10,10,4,13064
11827,397,82050,20,74372,20,274,4,16,4,3,60157
11828,518,19276,35,84746,10,367,1,8,1,8,1509
11829,227,23294,35,60662,5,195,3,11,4,2,13610
11830,640,32354,18,77912,11,169,1,8,10,1,12274
11831,398,37894,24,56421,5,288,5,14,1,2,63220
11832,894,12285,27,63554,24,232,2,11,9,4,13615
11833,675,74770,17,57576,18,260,6,8,9,6,68587
11834,614,35316,34,78716,1,447,7,5,5,8,4559
11835,196,16810,24,85150,22,258,4,20,8,5,39562
11836,227,36751,34,75625,11,151,5,6,6,6,77478
11837,689,39607,26,55921,27,345,1,5,2,9,54561
11838,550,34875,37,63623,13,298,4,12,4,2,27428
11839,521,17047,16,89020,8,362,8,8,7,6,2429
11840,772,36567,11,46684,21,445,1,10,8,9,61946
11841,595,19292,24,49970,20,254,2,13,3,5,57664
11842,240,30628,21,52756,7,410,8,17,10,8,59375
11843,156,88997,26,75421,2,239,10,13,8,6,47637
11844,835,41132,29,42344,26,131,7,12,5,8,12045
11845,877,56216,31,69649,23,289,1,6,4,6,43062
11846,610,68805,11,46581,7,162,9,8,10,7,43003
11847,314,25218,17,48505,12,316,1,20,4,1,52140
11848,563,73201,27,54713,11,267,3,6,5,4,0997
11849,526,42217,15,41372,16,387,3,6,1,9,86379
11850,574,61085,23,78027,12,373,5,17,3,1,35667
11851,317,80734,34,55855,15,169,6,2,10,10,81447
11852,674,26965,24,72518,15,179,6,4,8,10,46026
11853,958,54093,24,52621,29,219,5,10,2,2,58041
11854,342,69209,23,40714,2,343,3,20,9,2,71252
11855,455,58925,19,65238,9,391,7,5,6,10,65832
11856,389,25991,29,43792,17,446,2,7,5,3,31888
11857,580,26623,33,50786,19,118,5,17,3,4,15188
11858,741,11534,38,87847,4,169,6,14,4,4,5796
11859,797,36978,14,50198,12,347,5,10,7,8,49310
11860,697,63273,31,70894,20,217,6,18,2,6,65305
11861,381,41668,32,44307,22,160,7,2,2,7,2044
11862,195,17750,35,88428,17,222,4,12,4,9,50637
11863,591,88804,21,47616,6,343,8,12,8,7,88431
11864,946,84911,37,55713,11,153,1,18,6,8,5642
11865,699,21292,39,80915,13,179,4,16,9,4,41135
11866,676,44326,39,51644,23,212,9,11,7,6,79936
11867,173,24526,11,55160,18,207,5,1,7,9,79092
11868,388,57560,28,52296,17,295,10,8,5,8,73514
11869,226,77331,24,63018,23,377,7,8,4,8,32867
11870,584,73395,17,81054,30,142,5,9,6,1,66038
11871,161,82302,38,44762,23,122,7,8,3,10,84258
11872,711,81597,26,71234,13,337,5,7,6,5,12544
11873,713,24571,13,51744,7,148,6,2,6,8,56107
11874,206,18219,25,52458,25,219,6,19,10,8,35638
11875,546,69387,26,61485,6,448,3,4,8,5,55564
11876,590,10932,12,60849,19,130,8,16,7,1,0553
11877,706,29462,10,40444,14,291,10,2,6,2,40641
11878,750,28255,10,61138,11,147,1,8,10,3,15325
11879,154,82722,33,78892,22,298,2,10,9,3,76751
11880,232,21410,32,42752,29,380,4,17,2,7,51744
11881,325,26943,29,43141,25,372,5,18,7,10,51727
11882,360,75273,28,67947,17,163,2,12,7,1,51513
11883,796,17191,23,48069,8,149,10,11,6,6,4604
11884,283,68862,26,84553,25,435,6,12,10,7,68406
11885,592,20098,30,65992,3,262,2,15,5,5,35299
11886,252,71911,13,50140,26,444,6,3,1,6,41732
11887,562,21336,39,53120,5,292,7,19,4,5,20099
11888,172,64826,32,78740,19,354,8,14,7,3,61162
11889,882,37642,28,64635,9,380,7,4,9,6,17071
11890,359,44484,14,50544,2,399,6,13,10,7,36360
11891,758,55964,26,82197,16,310,1,7,2,5,25257
11892,264,89547,25,67890,20,172,10,17,10,5,84388
11893,444,81108,36,78137,29,402,6,13,5,10,80174
11894,350,87848,28,57172,29,450,6,10,2,1,68065
11895,210,67516,38,81349,27,161,2,7,6,8,34251
11896,143,44823,23,82115,19,261,2,13,8,4,10221
11897,915,12731,23,52423,4,405,3,7,8,8,67521
11898,273,47406,23,68644,27,140,1,3,9,1,71477
11899,420,61445,15,60775,19,180,6,15,7,7,71405
11900,141,28043,35,59996,22,315,1,14,1,10,25180
11901,746,13961,16,76850,19,318,1,16,5,5,5519
11902,471,37287,18,44038,5,312,1,14,5,5,46333
11903,742,23973,40,74624,1,169,5,16,4,3,5099
11904,459,63811,28,70127,16,291,10,12,8,6,70540
11905,567,85059,33,64213,3,347,3,16,10,5,83746
11906,289,48870,33,60232,30,223,4,13,5,3,53028
11907,939,17064,24,65053,21,225,4,19,8,4,14334
11908,273,79978,19,55999,8,346,1,12,5,7,12847
11909,928,75684,40,55933,5,274,8,7,7,10,77144
11910,983,16371,40,53795,18,412,3,12,6,8,54246
11911,538,71900,10,67103,11,342,5,2,6,10,49470
11912,748,43075,17,81631,5,314,10,11,1,8,76416
11913,897,38122,22,46507,8,322,8,3,3,10,60244
11914,230,59609,16,57781,19,229,5,17,7,9,76739
11915,164,15315,27,41555,26,147,3,1,6,8,78642
11916,128,32090,12,69901,7,149,1,6,6,6,65056
11917,514,34870,18,54584,30,381,7,14,4,6,60320
11918,706,79895,14,71347,10,255,7,16,9,2,54478
11919,347,87159,20,47486,25,193,6,7,9,9,85231
11920,654,42152,14,40442,30,208,2,15,2,4,80047
11921,191,56047,27,60934,25,280,5,19,8,7,61950
11922,961,19548,33,75044,24,150,5,15,1,9,2539
11923,299,74830,36,66979,17,288,10,5,7,9,19391
11924,864,66066,15,61235,13,347,3,5,9,9,41674
11925,915,52140,18,87131,4,143,9,7,8,2,25873
11926,278,79408,25,79705,1,230,9,20,7,8,16642
11927,543,75457,30,48130,26,399,1,13,6,6,32383
11928,698,16353,18,67715,2,355,9,16,6,10,7090
11929,779,84925,30,40041,1,290,2,10,10,5,0957
11930,904,42334,19,83008,10,348,7,16,9,10,39343
11931,378,44327,16,77879,13,207,4,8,4,3,4449
11932,995,27728,36,85973,29,309,7,17,6,10,4746
11933,759,17859,29,66895,16,303,4,6,6,5,47663
11934,921,12639,22,46314,21,355,1,5,5,4,47041
11935,554,26451,29,75393,7,227,7,9,8,9,25049
11936,988,69762,17,49638,20,136,8,5,3,9,31628
11937,601,68085,12,48773,8,339,7,19,10,3,69505
11938,220,11202,30,42894,24,148,4,2,3,10,39782
11939,926,26902,16,87949,8,398,8,12,8,7,29685
11940,816,33272,23,77603,21,256,9,7,2,10,3749
11941,264,34241,27,88086,5,275,6,14,3,2,23480
11942,465,34738,39,78840,23,428,10,13,10,1,11072
11943,565,24914,29,82895,22,155,2,17,1,5,16729
11944,161,41487,11,72520,25,229,6,17,8,8,28214
11945,585,10433,25,58167,18,131,7,10,8,6,11352
11946,618,51114,11,68031,19,170,8,20,7,8,42316
11947,179,48740,15,72111,28,358,8,20,8,4,41827
11948,989,74934,21,59279,13,300,10,4,2,5,79106
11949,325,21018,34,64847,25,197,8,12,6,5,57039
11950,415,64426,27,87841,25,373,4,17,1,10,78665
11951,644,86816,13,67088,17,417,9,2,3,6,76268
11952,406,18754,33,53569,21,141,6,16,3,3,28901
11953,377,36172,30,41116,14,308,8,16,9,1,23108
11954,832,41490,38,87114,1,389,7,19,2,5,65281
11955,271,40611,15,83293,24,366,3,8,4,4,12285
11956,292,40460,39,77217,1,335,3,6,6,3,14252
11957,999,67722,29,43629,18,387,9,19,2,6,78060
11958,703,28007,23,62427,26,275,10,2,4,3,13934
11959,880,20033,22,58449,22,297,4,5,8,9,63726
11960,779,86944,35,44752,29,260,7,4,9,2,45735
11961,607,63630,14,67204,18,127,4,11,4,4,78115
11962,258,48823,24,41814,5,372,8,13,10,9,18042
11963,774,45058,10,84393,22,368,5,11,7,10,71045
11964,366,46680,10,70995,3,210,10,12,7,5,25919
11965,180,32327,28,51370,29,406,1,8,10,2,57047
11966,329,31998,12,87484,1,318,5,16,8,10,65565
11967,355,53659,35,53261,26,364,6,5,5,1,9979
11968,671,79562,17,56697,21,301,8,2,2,8,39718
11969,438,42516,18,61196,10,286,8,8,1,8,25744
11970,282,35312,32,43081,20,420,3,12,7,10,10221
11971,487,17498,19,43800,5,367,5,9,5,3,22115
11972,591,57406,33,55413,21,300,8,9,5,7,10528
11973,637,71555,17,69446,27,239,8,5,5,2,62942
11974,941,43215,18,71634,23,174,3,16,2,1,16479
11975,642,89803,14,83734,23,257,10,7,1,9,69274
11976,222,16119,19,61015,7,295,1,12,5,10,88172
11977,560,59194,24,48819,18,202,9,11,7,10,62902
11978,710,83905,33,65686,4,119,3,18,9,4,42134
11979,212,15435,22,48399,20,322,9,12,3,3,57793
11980,775,24938,24,83094,18,328,1,6,10,7,34458
11981,126,77554,37,76101,16,376,8,10,6,7,15744
11982,745,72203,13,59486,28,417,10,14,5,4,10071
11983,182,41727,37,63386,16,332,5,9,10,3,75646
11984,392,43394,28,50299,22,253,10,15,8,3,10530
11985,577,36048,26,82791,2,187,1,3,4,6,42101
11986,342,16887,20,85550,14,295,6,7,6,7,14950
11987,574,53715,18,82505,27,287,9,7,4,3,18785
11988,576,84907,37,58941,23,180,7,10,2,8,40815
11989,934,63671,23,54826,11,442,6,13,6,2,38360
11990,454,85563,27,56392,23,336,1,1,2,2,6729
11991,355,86569,14,53984,30,157,5,9,5,4,32327
11992,542,40443,36,59551,19,397,10,17,3,5,52616
11993,602,84700,28,53499,26,255,4,5,8,4,75743
11994,130,86244,36,76371,17,444,9,16,1,6,56316
11995,798,85780,15,46077,10,382,7,5,2,5,85310
11996,671,58023,24,51643,10,421,10,5,6,3,11864
11997,348,64913,13,80129,22,240,10,2,4,6,33559
11998,153,57788,21,70360,1,130,4,16,10,9,0436
11999,343,70183,39,70426,18,349,4,20,3,3,89847
12000,676,38859,22,42124,7,450,2,6,5,5,19858
12001,324,44861,10,58130,18,416,10,15,6,8,34935
12002,719,82363,33,51198,7,425,4,19,4,5,66699
12003,268,78121,34,41135,12,430,5,18,3,8,12039
12004,850,23197,11,64860,5,291,6,14,7,8,25971
12005,661,63082,40,54128,30,249,5,15,10,8,39570
12006,799,50525,12,70330,25,307,4,12,2,6,6549
12007,962,37383,34,66930,23,388,6,8,6,10,3815
12008,222,78546,22,41323,7,125,6,16,8,7,74919
12009,509,44763,23,41413,10,148,4,17,3,9,75183
12010,174,69603,40,61381,28,290,8,13,5,9,14129
12011,565,70146,10,65360,6,227,10,17,5,1,64545
12012,271,49651,10,55347,11,366,5,18,10,9,14527
12013,497,70705,18,55174,30,336,3,17,6,1,44189
12014,403,65188,39,72400,9,387,8,20,7,2,87532
12015,431,26414,22,49866,14,421,8,19,2,8,22689
12016,816,80591,29,52616,18,297,4,10,1,1,16971
12017,213,89617,15,84183,13,433,2,8,8,1,18687
12018,172,37355,32,64157,21,192,10,15,6,5,59994
12019,427,75668,40,77375,3,378,1,8,9,7,59963
12020,787,23252,13,86726,27,206,9,15,9,5,84485
12021,333,75185,36,64254,16,200,6,11,4,10,26230
12022,858,87865,32,87175,27,111,9,7,3,10,48929
12023,498,68471,16,76538,27,374,4,16,5,1,2140
12024,381,79771,23,72754,12,334,6,12,7,9,66946
12025,798,50840,26,51564,25,139,5,11,10,10,74749
12026,326,68915,29,54338,3,209,1,7,10,4,45012
12027,979,72355,18,62845,1,177,1,20,5,10,57637
12028,608,52510,40,71451,23,153,10,3,5,2,85909
12029,903,21363,21,47836,27,450,3,16,9,5,8251
12030,750,60612,38,76828,24,372,10,13,10,6,38687
12031,949,58704,14,44397,9,374,2,20,10,1,52363
12032,787,29253,23,77007,27,209,10,16,2,3,48179
12033,996,79490,14,71701,13,446,7,8,2,1,58232
12034,887,22703,24,76202,25,408,2,18,6,5,2710
12035,153,74806,36,51884,13,136,10,11,2,10,73127
12036,193,71749,31,82013,5,216,7,8,10,2,29515
12037,116,47503,29,78416,13,342,4,18,7,10,58678
12038,156,78261,28,55082,5,182,9,13,9,8,19779
12039,832,21820,19,81563,17,306,3,16,5,6,10527
12040,830,14166,10,65568,9,355,9,10,6,5,58049
12041,160,58418,32,66321,3,429,2,8,1,8,56809
12042,397,35976,40,64856,5,425,9,17,5,8,7004
12043,990,33571,24,67402,27,167,1,19,9,10,63399
12044,546,44463,20,56746,2,145,3,12,7,5,25955
12045,690,63051,10,83953,25,209,1,16,8,4,73901
12046,422,52699,16,53533,4,218,2,9,1,7,28659
12047,362,21469,26,45998,29,135,4,4,8,3,84008
12048,792,53485,36,60053,15,233,7,4,3,6,3502
12049,483,64451,36,61077,15,355,1,14,10,8,54876
12050,678,78308,35,88706,22,233,9,5,7,10,74065
12051,580,42224,20,80552,24,202,3,13,2,2,21696
12052,705,79705,31,68352,8,429,10,1,4,6,64983
12053,537,44758,12,55137,15,239,9,4,3,9,16798
12054,967,61402,35,55133,17,166,1,10,5,5,26691
12055,976,79080,32,58435,3,299,4,20,7,10,85804
12056,335,66711,24,53197,24,255,8,16,6,3,51071
12057,293,49438,23,71389,1,396,8,8,4,8,25888
12058,955,42283,35,46865,27,133,10,18,4,4,52141
12059,833,66778,24,83675,9,354,6,3,1,8,71129
12060,196,41172,19,82271,4,152,9,15,10,10,71412
12061,705,59422,26,71711,23,224,4,18,8,5,71980
12062,783,78042,29,56240,16,203,9,6,1,3,81306
12063,873,63944,12,74935,27,342,4,15,4,7,73285
12064,702,13213,37,64416,21,439,5,10,6,4,4565
12065,671,74628,11,46016,25,250,7,3,3,4,55228
12066,916,60178,11,54665,16,172,9,7,5,1,58750
12067,784,75280,18,69437,25,220,5,16,9,9,51492
12068,676,42108,35,68016,18,412,5,19,9,8,67451
12069,962,57780,30,51474,8,195,4,4,4,1,44065
12070,617,25553,37,56713,2,300,7,17,6,9,11133
12071,506,50742,20,65882,26,380,10,20,1,5,79424
12072,122,26180,28,45590,21,162,1,11,6,7,60422
12073,904,61637,29,76615,24,148,9,4,7,7,1457
12074,497,74068,24,44166,22,123,3,11,6,4,72892
12075,557,48222,30,69677,8,348,3,12,7,6,80152
12076,595,85800,15,73116,11,399,4,18,3,5,33053
12077,808,50872,12,60212,18,400,5,10,1,1,12027
12078,809,85287,36,51487,9,288,9,9,6,6,61101
12079,388,30178,26,82537,5,292,9,11,8,9,21308
12080,291,24371,24,56337,30,185,1,3,7,8,34957
12081,488,76157,25,44963,9,431,4,10,5,7,51379
12082,857,45119,14,58007,30,187,8,6,10,1,47265
12083,886,51100,31,60056,28,304,9,8,3,3,35191
12084,914,55747,32,74964,13,229,8,7,10,2,68195
12085,824,42567,16,84232,25,268,10,8,8,4,61105
12086,862,51405,17,76239,17,180,9,1,2,1,2608
12087,250,37776,22,55726,6,198,8,3,7,7,66461
12088,117,57472,18,55071,11,402,7,10,10,4,68830
12089,818,66974,31,53779,27,247,10,16,1,6,34746
12090,973,62839,24,61421,28,396,5,2,10,5,70531
12091,203,60555,14,85016,28,263,5,15,10,5,55477
12092,524,61807,26,63050,3,124,1,5,3,6,82575
12093,756,85037,27,48465,17,135,7,11,5,8,10308
12094,965,88065,34,87722,6,223,4,11,10,9,29576
12095,226,75652,40,76484,22,277,7,8,7,8,13952
12096,428,32556,29,70018,28,220,8,9,1,3,52841
12097,882,52596,37,53447,9,126,2,7,8,7,60178
12098,900,33528,14,40745,20,251,1,18,1,4,11357
12099,993,10903,33,42897,4,130,3,18,10,2,5202
12100,844,85450,15,53817,18,356,6,6,6,2,3915
12101,518,67356,27,70550,6,122,3,13,5,7,75005
12102,499,45688,24,49619,1,271,5,19,4,4,53296
12103,855,57057,31,45098,3,358,4,17,6,9,40772
12104,423,26280,21,71908,28,228,6,14,6,7,47985
12105,885,50379,29,70943,5,182,3,11,4,10,86092
12106,413,45520,28,58854,11,133,5,16,5,4,66494
12107,907,46878,28,60227,13,368,1,10,3,6,74729
12108,694,33036,37,64037,22,450,6,13,2,2,80667
12109,223,49939,20,84455,10,194,1,4,9,3,62294
12110,295,59281,11,42466,20,195,7,2,2,10,4942
12111,290,62782,34,50510,24,262,6,1,10,9,62644
12112,996,77024,32,74519,28,115,1,5,8,4,75651
12113,991,20839,38,74118,30,348,5,13,2,3,16152
12114,702,22860,31,54798,16,170,7,14,9,10,41202
12115,311,17664,37,42590,23,391,1,19,10,1,62847
12116,239,62033,22,82436,28,197,9,15,7,1,57777
12117,579,40090,36,67945,6,299,9,19,8,5,1936
12118,810,78343,37,46009,3,235,9,19,10,9,58947
12119,615,79007,32,82580,20,127,10,12,7,3,16582
12120,997,33404,18,56958,27,133,6,14,5,1,37186
12121,590,14861,28,45164,8,126,4,19,3,9,5110
12122,778,74903,31,85215,26,415,2,4,5,6,18617
12123,149,47599,26,61768,9,351,1,11,6,5,31685
12124,745,53484,26,73555,20,119,1,4,5,10,67058
12125,495,45836,22,47983,7,427,6,7,8,1,34671
12126,663,69360,12,50531,21,343,4,14,1,6,64811
12127,429,85778,22,40375,4,439,4,7,7,5,64684
12128,548,82393,15,55283,23,244,1,17,3,9,46166
12129,290,11497,28,61848,20,194,1,11,4,8,60001
12130,792,11579,39,79423,3,221,6,5,10,7,72754
12131,224,62176,34,40952,1,297,3,15,3,9,58434
12132,786,41990,29,58335,26,133,9,16,8,8,26686
12133,663,14030,11,43592,6,330,6,15,1,9,67059
12134,629,45270,25,80441,29,278,10,17,4,10,7722
12135,767,87903,36,59293,15,194,8,20,3,2,12253
12136,630,22662,10,74258,29,335,10,8,4,5,76659
12137,325,22012,29,45067,15,427,6,8,7,2,15804
12138,380,40420,32,82951,12,450,9,10,7,6,17172
12139,158,31592,30,46697,23,327,4,5,4,2,84373
12140,776,20902,40,78621,22,200,8,15,10,10,6624
12141,792,62864,21,45637,8,286,1,19,9,5,24913
12142,337,73811,29,73693,11,373,9,13,8,3,12343
12143,772,64877,28,84670,23,298,1,18,10,7,30791
12144,784,73024,30,87762,26,146,4,1,7,6,82074
12145,928,61603,12,63302,26,225,3,14,6,1,65265
12146,973,21265,18,49985,22,351,2,12,3,7,53449
12147,913,38044,19,72748,23,407,8,6,10,7,7662
12148,508,63194,20,87093,14,342,8,17,6,9,83385
12149,783,41394,37,55723,20,422,6,18,1,9,58934
12150,528,68855,23,86352,21,222,3,7,5,8,35844
12151,506,58133,23,57170,13,414,6,17,4,3,8695
12152,374,26998,37,57966,5,379,1,2,5,2,38608
12153,307,30267,37,47737,24,195,6,17,6,4,82132
12154,544,25532,27,63043,30,397,6,18,7,6,12705
12155,119,32781,40,58733,13,383,9,19,5,2,56475
12156,691,77335,21,59677,15,140,5,19,10,9,58911
12157,208,20589,29,61968,1,262,4,15,1,10,48448
12158,438,89742,33,52118,8,282,7,15,5,4,33667
12159,240,18209,32,83693,21,250,4,19,8,10,4773
12160,388,10154,13,50984,2,409,5,11,8,6,39193
12161,231,78443,25,69054,15,215,7,12,7,3,51947
12162,353,20618,32,81500,16,176,7,20,9,7,18146
12163,174,15049,30,60191,13,340,9,3,1,1,72188
12164,783,51102,22,75850,9,303,9,2,3,7,34784
12165,871,84860,23,57151,15,355,1,12,4,8,83012
12166,830,50757,38,86049,21,443,8,19,3,7,54496
12167,413,69878,16,67350,9,130,8,9,3,9,79948
12168,197,42247,15,87273,28,442,8,5,7,10,86795
12169,211,35247,33,79753,18,277,8,3,4,1,23397
12170,460,21054,24,74698,22,450,10,17,9,4,53801
12171,862,51366,30,43170,3,355,3,18,5,6,42938
12172,893,34153,29,72423,27,173,4,19,7,9,13788
12173,687,56569,22,43906,12,145,9,13,3,7,44255
12174,635,75404,24,73751,8,162,4,1,3,4,40479
12175,677,35652,20,53084,14,297,8,8,1,2,37715
12176,616,56041,31,54625,29,163,9,2,8,1,64734
12177,608,41974,13,44078,23,220,4,19,3,6,81253
12178,591,43093,14,69425,2,236,5,13,7,7,11791
12179,125,82546,37,60113,8,224,8,1,4,5,88477
12180,392,12090,11,50023,15,337,3,13,1,8,1828
12181,119,44749,15,71066,15,147,4,7,8,7,53762
12182,520,70890,36,47870,15,113,6,18,9,6,47389
12183,655,15917,14,48314,5,170,10,2,2,8,54706
12184,316,31655,31,41208,8,394,10,9,8,3,61124
12185,954,39621,15,59457,10,160,8,19,5,6,31483
12186,664,77532,20,41450,16,193,2,10,7,5,72380
12187,896,64728,14,61663,21,364,2,8,10,2,59683
12188,163,67362,27,69198,21,193,8,4,9,4,32122
12189,992,87244,34,84908,14,298,3,8,5,4,83057
12190,136,35173,14,61475,2,292,1,9,5,2,54046
12191,440,82188,22,68540,27,292,5,9,2,2,7256
12192,223,27468,22,61647,18,241,6,20,3,6,19424
12193,379,38604,18,78516,13,446,4,5,10,1,72780
12194,503,56961,37,44068,1,272,3,13,8,9,38168
12195,896,59637,36,85427,3,431,6,1,3,4,9281
12196,250,58479,26,59602,9,165,10,6,10,6,1150
12197,334,10211,22,70899,5,273,4,5,4,3,84950
12198,309,56572,28,60810,22,445,2,1,9,4,50213
12199,337,76023,29,60910,25,393,4,6,10,2,20829
12200,435,37324,31,56266,27,228,6,1,1,9,39669
12201,659,18183,25,86734,14,414,1,8,4,8,71656
12202,199,28351,14,85046,22,403,5,11,2,9,89429
12203,328,75962,32,64013,17,111,5,18,6,1,24181
12204,347,46301,17,63466,4,150,8,17,1,9,17886
12205,724,82985,40,61679,12,123,5,4,1,6,16256
12206,895,82166,40,42448,18,163,8,15,8,3,4669
12207,852,46096,34,69225,13,313,1,18,1,4,55684
12208,333,22993,28,71174,26,171,6,12,9,8,8392
12209,486,80003,19,60748,8,141,10,17,4,4,65237
12210,867,72276,26,58573,30,450,3,8,5,3,5984
12211,532,38560,36,65776,7,112,10,8,9,2,8982
12212,338,23510,17,45414,6,447,9,16,10,1,52234
12213,814,71579,22,87330,7,181,6,4,2,2,31292
12214,335,82107,33,61530,10,448,8,3,4,2,9932
12215,114,52421,33,67218,21,233,5,14,7,4,1270
12216,753,77319,39,87051,5,130,5,5,8,5,11554
12217,730,58464,38,62477,27,175,3,1,6,1,17146
12218,156,89606,18,58087,1,229,2,15,2,8,56335
12219,700,58292,21,74571,8,400,6,6,9,1,53993
12220,745,35900,22,41627,20,322,3,2,10,4,78248
12221,241,75623,10,75585,5,289,9,16,1,2,54495
12222,500,82207,28,78754,10,283,9,17,4,5,13904
12223,353,72764,18,50936,8,326,3,1,7,4,89281
12224,312,23627,15,72099,5,306,1,6,10,2,83663
12225,150,17416,18,89134,4,195,9,7,5,8,9681
12226,875,37343,29,67864,23,254,4,11,9,2,53572
12227,646,35649,14,52569,11,271,2,1,10,3,12513
12228,578,27594,27,68166,19,238,10,4,8,1,83662
12229,590,43274,20,55863,7,412,1,13,5,8,84981
12230,613,74133,12,82452,25,210,8,3,9,5,36410
12231,197,34771,30,66393,26,243,10,11,4,2,74342
12232,618,45641,21,75631,18,426,3,6,10,9,67764
12233,257,58000,14,42408,19,437,5,20,2,6,78092
12234,426,86327,15,89771,26,415,9,14,8,7,87786
12235,540,64613,22,70191,6,405,1,9,7,7,60854
12236,634,76017,20,81746,25,223,5,10,8,4,88230
12237,286,30977,12,74348,25,369,10,20,10,1,28938
12238,780,85476,14,67318,2,327,9,2,4,9,47831
12239,920,12050,30,61983,20,348,5,15,7,4,83348
12240,667,18830,10,89147,19,140,7,1,4,5,58990
12241,891,67252,18,81509,20,447,4,3,4,10,27716
12242,453,24356,12,64903,7,282,1,20,10,8,62012
12243,894,17186,24,46855,9,158,10,14,1,1,77593
12244,706,63414,40,81813,14,441,8,20,7,10,83209
12245,678,44175,28,73972,3,285,7,8,10,5,49563
12246,897,21379,40,44734,9,129,8,15,10,5,26035
12247,460,29280,32,71975,19,126,2,2,4,4,17860
12248,408,70554,31,58744,29,351,4,5,7,10,20182
12249,943,39951,38,85374,3,429,3,15,3,1,5014
12250,161,30789,11,83720,3,206,9,15,2,6,52945
12251,153,27075,31,62471,28,283,8,19,7,5,16686
12252,184,88832,22,65501,19,371,6,17,4,3,19086
12253,550,57811,13,48095,21,381,7,11,2,2,19417
12254,395,10193,39,73768,6,129,6,13,1,1,0201
12255,386,26625,39,61786,7,393,6,17,6,1,81204
12256,590,72010,34,77549,16,178,3,12,7,2,88979
12257,270,13142,31,72934,1,275,2,19,3,7,61444
12258,921,42374,26,52979,1,437,8,6,4,10,78080
12259,168,29177,24,50041,6,129,4,1,6,6,61403
12260,750,70175,33,51807,15,139,8,20,2,5,15671
12261,535,16927,37,44190,11,264,10,15,3,5,40349
12262,254,22564,31,62140,28,450,7,3,7,8,81733
12263,368,23430,34,45123,6,236,3,5,5,9,21968
12264,682,19755,17,84969,12,369,2,5,10,9,17559
12265,570,56040,14,64999,11,237,2,11,8,8,40943
12266,798,79453,33,53897,1,416,2,10,2,2,23114
12267,316,62333,29,83821,26,132,9,2,1,5,36546
12268,745,47873,26,89210,28,196,6,17,3,3,14615
12269,579,84261,18,40338,9,212,1,1,2,9,46022
12270,237,53013,34,51145,30,379,9,2,7,7,60930
12271,413,25368,31,56451,18,343,1,10,1,6,24541
12272,470,46532,14,52094,4,305,7,19,7,3,2656
12273,579,35085,31,47072,1,345,2,13,3,4,26896
12274,308,83547,27,60205,12,219,4,5,10,10,17391
12275,177,64981,37,81892,8,118,8,8,8,1,57999
12276,257,83550,24,47861,15,209,1,1,3,8,38846
12277,205,49086,10,46868,19,313,10,13,10,2,57548
12278,526,72438,15,72146,25,401,9,13,7,8,18873
12279,554,31039,33,40442,29,258,10,17,7,10,44763
12280,149,22998,37,76920,7,154,9,1,6,5,62532
12281,577,63288,32,74949,14,413,9,4,1,4,5151
12282,597,77235,40,65025,3,235,9,12,2,2,43152
12283,222,84284,21,64299,13,264,8,6,2,10,57732
12284,127,28274,39,87437,5,138,2,2,5,10,69506
12285,882,77013,13,40467,16,391,2,5,7,7,18917
12286,498,38160,15,73103,24,214,1,8,3,5,0327
12287,607,36687,28,61532,20,130,8,17,6,5,31850
12288,152,16192,18,42200,4,377,2,20,8,3,30311
12289,419,53549,28,83411,14,402,6,9,5,9,73997
12290,664,13757,14,84130,20,366,2,20,3,8,57153
12291,792,85329,31,80242,28,413,6,2,1,2,35671
12292,844,54593,21,42919,10,325,4,19,3,2,42299
12293,808,32763,27,65318,5,155,7,13,5,1,42166
12294,160,85141,33,40184,17,379,6,4,4,9,17111
12295,526,54825,28,47406,25,126,10,20,4,1,64653
12296,378,87644,37,78392,4,194,10,6,2,5,31964
12297,847,18452,11,47613,7,423,2,6,1,5,1208
12298,731,36759,33,46757,20,271,1,10,1,6,22119
12299,123,80032,10,75792,14,145,8,11,10,10,56641
12300,427,34805,10,54184,16,122,1,3,6,3,22967
12301,858,83896,26,51291,29,384,7,1,9,6,87091
12302,426,40873,17,59609,20,369,9,15,7,7,35341
12303,786,27409,39,78877,17,205,10,12,10,4,7753
12304,437,70084,39,63641,28,307,8,18,5,8,40632
12305,623,59530,15,48058,2,138,7,4,4,10,45374
12306,853,10330,15,80433,2,221,6,10,4,3,44445
12307,584,59828,12,88784,27,427,9,13,7,6,69788
12308,718,49030,40,72397,18,274,5,10,8,2,76672
12309,380,12735,27,73819,30,135,9,12,10,3,35912
12310,139,43715,10,68377,8,410,4,15,6,5,53276
12311,926,62433,12,82932,5,175,3,3,7,7,62427
12312,344,24824,39,80766,5,164,6,16,10,3,45710
12313,403,19012,37,52528,25,305,7,16,5,8,42779
12314,850,59309,34,76522,27,187,3,1,9,9,48433
12315,229,24950,15,44895,16,265,7,4,7,5,30491
12316,117,70526,37,88575,18,137,9,20,9,3,5178
12317,345,77614,13,74229,29,415,3,17,10,7,30456
12318,650,46653,23,87982,18,235,10,8,7,10,53475
12319,984,44964,12,82988,11,191,8,2,7,7,27589
12320,632,74024,34,75260,3,378,7,1,2,7,41994
12321,519,77787,32,43160,12,146,3,18,9,9,40812
12322,185,51966,37,87560,3,183,8,12,2,7,66702
12323,391,55956,37,76293,8,385,8,8,8,8,57322
12324,123,27920,40,71053,14,304,8,12,10,6,43379
12325,554,25821,29,52561,3,391,6,1,9,7,10282
12326,482,17630,18,65809,9,285,2,19,9,5,88682
12327,903,15051,25,58418,13,370,3,19,4,10,1985
12328,453,69136,26,86502,22,197,5,10,1,9,53797
12329,713,79667,40,87568,17,426,8,4,1,5,34378
12330,969,21827,13,65983,18,148,7,10,3,6,17443
12331,773,50999,29,55311,12,135,4,20,4,3,36619
12332,807,32460,35,85424,17,207,10,9,6,5,68095
12333,370,72921,12,42263,16,134,6,7,4,7,83414
12334,196,45106,14,63248,29,401,4,9,1,4,85728
12335,195,51993,38,47979,2,217,3,1,2,3,42159
12336,725,58479,19,70512,6,424,5,11,10,10,22844
12337,350,62972,34,56967,12,305,4,4,5,8,47638
12338,584,39212,17,64453,11,114,7,12,6,8,8528
12339,226,87248,39,45144,5,323,8,11,5,4,80268
12340,433,84829,10,88100,14,294,4,7,6,4,68273
12341,625,80990,27,56251,27,210,9,3,5,10,61840
12342,152,50820,17,67247,23,190,8,4,4,2,36326
12343,667,44238,21,60054,30,367,4,19,10,10,34667
12344,917,49151,18,86542,25,195,5,19,6,5,69147
12345,892,78160,34,50894,4,401,4,12,2,8,42151
12346,785,73192,36,59661,11,306,9,17,4,1,26866
12347,924,28730,20,71238,11,426,10,2,9,5,25159
12348,238,20549,12,79429,15,374,6,10,5,3,67072
12349,436,87322,13,70535,29,133,9,8,8,6,10868
12350,909,56712,34,77223,2,279,4,17,10,10,4760
12351,759,16357,22,76471,23,154,7,19,9,4,1305
12352,844,38375,33,67904,7,422,8,14,3,9,78194
12353,983,61241,24,64681,5,295,9,2,10,10,5829
12354,150,56907,13,84584,24,185,3,20,9,2,60296
12355,857,84609,12,81137,9,166,6,5,6,4,88278
12356,538,15779,29,82796,21,227,3,7,5,7,27615
12357,522,60919,13,71605,23,343,7,7,2,1,16324
12358,760,73022,20,43064,18,305,2,16,4,6,23451
12359,880,67328,12,65414,17,425,9,20,1,4,34551
12360,236,54674,33,41425,24,158,9,9,10,9,28993
12361,730,22763,18,55938,15,422,3,13,8,5,21054
12362,654,81663,15,68715,16,210,6,17,10,4,7398
12363,932,66831,31,77070,1,117,10,17,1,6,2542
12364,990,22637,33,83586,4,355,2,1,5,4,9641
12365,739,30603,21,73595,15,376,3,3,6,1,22942
12366,127,14087,20,84313,7,148,7,10,6,10,36204
12367,715,78270,16,69740,8,412,3,18,9,1,76549
12368,978,87279,32,67281,12,231,7,13,1,10,68247
12369,601,80991,36,80473,26,176,1,10,7,9,5795
12370,830,14842,21,71848,30,241,9,12,8,6,2581
12371,411,56781,39,79551,25,156,9,5,6,7,6895
12372,226,49861,17,47750,12,240,9,16,2,8,17978
12373,872,77445,35,57419,6,155,1,10,9,7,18975
12374,968,34117,18,88093,25,346,6,16,6,8,77887
12375,144,27417,29,61935,4,140,4,6,6,5,21405
12376,765,70660,22,59665,8,289,7,3,4,3,12686
12377,753,35849,25,45223,14,226,9,11,9,10,79954
12378,958,61161,12,46496,2,442,7,5,8,9,57134
12379,892,19187,30,46688,2,127,1,7,6,4,53745
12380,190,74063,10,58709,27,346,5,2,7,7,50098
12381,867,80537,40,75636,16,146,3,13,6,5,76083
12382,652,47660,23,56602,8,155,9,12,2,1,22391
12383,923,36956,19,44483,24,203,1,3,3,4,9420
12384,851,41087,40,89430,3,244,5,2,9,2,51930
12385,692,10411,32,61349,30,347,1,2,8,10,11783
12386,780,40527,28,89320,23,403,10,10,10,3,46344
12387,389,76763,32,42227,25,264,8,18,9,4,65956
12388,214,58632,31,68531,17,212,3,14,10,6,3740
12389,541,23834,24,79606,23,129,3,3,6,7,11034
12390,270,46931,21,62936,13,292,3,3,6,10,16526
12391,339,81459,19,46012,17,409,6,20,6,6,39076
12392,272,84569,25,40811,2,429,1,12,3,7,64498
12393,813,32708,21,85540,5,345,9,13,4,1,86679
12394,271,16977,27,52289,10,344,10,1,10,10,66827
12395,263,45320,40,81219,13,164,4,16,9,8,42726
12396,553,80170,13,85470,18,367,8,10,4,9,43513
12397,288,80543,23,60613,26,129,1,18,9,4,47570
12398,867,65546,12,73060,15,122,1,1,2,1,89158
12399,531,81907,36,54973,26,331,5,2,5,3,81643
12400,779,86110,24,41360,15,445,3,18,2,7,73578
12401,698,82126,10,67114,18,421,7,7,2,3,61495
12402,832,24320,13,85559,24,111,8,11,5,4,5914
12403,895,69274,15,82630,16,333,4,5,9,9,1223
12404,571,54155,10,72910,1,273,9,18,1,5,15605
12405,800,81422,29,55075,26,228,1,12,4,8,22417
12406,929,80732,37,83552,26,340,4,2,10,8,43502
12407,336,55538,23,63275,21,320,3,16,1,9,19092
12408,554,36036,20,64229,14,401,9,3,10,5,69679
12409,887,80937,29,50629,23,147,5,1,3,10,17931
12410,229,68455,18,54112,9,395,7,4,10,6,29555
12411,633,85235,12,68367,7,171,6,14,1,10,79193
12412,755,46898,34,63875,30,256,4,4,6,5,83175
12413,770,62399,16,42773,3,315,7,2,5,4,6382
12414,557,87017,30,66511,21,437,9,20,7,10,13645
12415,607,74352,21,52945,27,380,3,20,1,7,61857
12416,462,34512,23,63224,9,220,7,19,6,6,42603
12417,338,30073,23,68185,10,223,2,6,5,7,27046
12418,886,30608,11,83922,13,403,4,9,9,9,1831
12419,566,86707,13,67968,23,113,2,6,9,5,40471
12420,769,11652,39,87103,7,363,10,8,3,9,12831
12421,156,72263,32,58560,30,238,10,5,5,2,34686
12422,795,63366,13,59331,22,160,10,9,4,9,68575
12423,931,33274,19,67219,10,391,5,1,2,5,85400
12424,859,53419,27,89768,25,341,8,5,3,2,88906
12425,956,81140,33,51357,2,329,4,4,4,3,66604
12426,194,16683,33,54400,12,216,1,14,3,5,9381
12427,412,23925,12,51262,14,443,6,17,4,7,46448
12428,244,85942,11,80972,17,278,6,1,4,7,81008
12429,951,13246,17,45643,2,121,8,15,3,9,19204
12430,833,45143,15,56925,20,442,3,12,3,4,20154
12431,913,12863,20,42313,22,412,10,11,8,4,68482
12432,650,30869,27,71416,14,267,1,7,6,4,46445
12433,666,61941,35,63973,20,350,8,9,4,10,26993
12434,808,39977,23,73401,27,365,9,4,9,1,15879
12435,221,57864,31,52203,18,134,9,9,6,2,24207
12436,467,22565,32,58569,8,210,6,10,2,4,11163
12437,738,42043,28,48849,29,396,6,20,7,5,53052
12438,447,44627,28,66101,20,125,7,15,2,1,46523
12439,910,62520,35,82141,12,210,6,18,1,5,89121
12440,626,82691,36,75478,27,161,3,19,7,5,29721
12441,565,62440,24,47746,5,208,1,10,2,6,20091
12442,544,24794,32,65695,19,193,10,2,2,4,87334
12443,381,25972,35,73801,18,324,3,10,9,8,69417
12444,335,10739,38,69728,26,401,1,11,4,6,48554
12445,991,43056,39,63798,26,215,8,8,7,3,49742
12446,877,40809,40,41578,30,304,4,4,2,2,50381
12447,687,39356,35,74604,24,112,2,15,10,2,43591
12448,329,38351,15,88825,6,323,10,16,9,4,66327
12449,763,26793,27,54526,21,269,6,17,2,5,62598
12450,253,17698,17,69440,24,271,9,11,5,5,85373
12451,987,38610,33,88368,29,344,6,3,1,8,49911
12452,809,57810,19,83153,25,355,2,19,1,5,74861
12453,937,47005,12,79459,23,413,7,3,8,10,87487
12454,918,36996,19,65863,21,429,3,20,3,1,73489
12455,668,19429,39,42703,1,197,2,1,9,6,81593
12456,893,11240,21,45710,2,350,6,2,1,6,79848
12457,113,80622,31,57733,2,317,6,14,2,9,81443
12458,969,24417,13,84973,30,126,9,2,6,7,85694
12459,138,78491,24,80121,8,228,5,18,9,4,4529
12460,953,84797,15,66124,16,414,8,15,4,1,33539
12461,803,69714,30,57020,9,314,4,12,8,7,25380
12462,941,15892,17,41597,22,337,4,17,9,9,18089
12463,603,74295,16,78256,22,123,9,6,10,8,20613
12464,469,11921,25,74541,10,222,7,14,4,2,9960
12465,750,19120,22,50342,20,291,9,17,6,3,39556
12466,714,12486,22,87003,15,271,5,19,8,5,39928
12467,825,71113,29,61751,14,299,2,3,1,8,88338
12468,488,14376,24,41218,29,230,6,17,8,10,1596
12469,161,61618,15,86697,24,186,1,17,3,6,62729
12470,736,80875,38,53096,19,281,10,16,9,9,30218
12471,114,30157,22,76862,25,186,5,1,2,6,1104
12472,615,34235,37,58227,1,146,5,19,8,10,69874
12473,280,14166,27,60551,11,383,5,4,3,5,26064
12474,385,56477,38,53519,4,420,3,6,10,2,17120
12475,840,32509,32,54403,5,396,4,13,4,8,32026
12476,272,88212,38,75819,19,270,7,10,7,1,23722
12477,262,82296,26,67547,13,330,2,12,5,2,9870
12478,527,50912,18,55818,24,217,5,11,8,3,34419
12479,490,25133,13,46128,22,349,5,13,9,6,1618
12480,915,60844,23,56959,17,413,4,3,4,5,36402
12481,670,33836,16,71922,14,445,1,6,10,1,6340
12482,478,24105,29,48772,14,312,3,15,6,9,46967
12483,724,54632,38,72122,5,439,6,18,2,7,47652
12484,608,38395,28,64141,2,359,1,11,2,3,16830
12485,397,11551,16,72494,22,218,3,8,2,1,87129
12486,393,53837,29,74589,27,145,7,9,5,8,60020
12487,502,39042,39,72460,2,309,6,13,9,8,3886
12488,399,38358,21,41540,3,392,4,16,10,6,5522
12489,363,83613,14,88915,25,339,6,8,4,6,74419
12490,530,74102,12,68921,13,412,5,18,3,2,83627
12491,353,25466,33,64392,27,419,6,15,3,3,45084
12492,166,40234,11,65202,14,319,1,1,9,6,59402
12493,471,43726,40,82047,5,373,10,1,6,4,64372
12494,845,19626,21,53011,27,214,2,4,3,7,62309
12495,525,66805,14,59645,5,123,5,12,3,2,22416
12496,221,40526,37,67387,14,251,1,17,3,5,66594
12497,559,89936,20,74951,10,113,9,10,4,3,37278
12498,350,56221,27,47552,30,117,9,7,9,4,62889
12499,598,28201,26,65812,12,239,2,2,3,4,65523
12500,610,79074,38,66700,29,139,1,7,6,1,89304
12501,975,61240,25,59386,17,400,9,18,9,8,33703
12502,602,68134,18,66546,13,431,1,8,5,3,70231
12503,225,75296,16,80428,3,266,1,2,1,3,30843
12504,256,15219,35,80120,8,161,2,14,10,2,26287
12505,876,59096,34,59939,1,435,10,3,9,6,20299
12506,955,31384,35,47068,26,321,7,17,2,7,86970
12507,418,84947,38,58033,28,293,3,18,5,2,15957
12508,139,87038,36,61785,4,367,10,19,8,7,84130
12509,482,14999,31,59521,23,142,10,11,5,10,24333
12510,797,89679,15,47938,30,117,3,12,1,8,34667
12511,756,76950,30,80482,24,379,7,2,2,2,76186
12512,846,23360,39,80450,28,128,1,16,3,10,64219
12513,625,16556,23,81191,21,237,10,5,10,9,43572
12514,868,77034,28,60541,30,404,10,14,5,4,46396
12515,863,37500,40,64105,7,261,9,3,6,2,38276
12516,507,23630,32,52966,9,277,3,4,5,10,70248
12517,366,46553,24,65543,10,288,3,5,3,5,25549
12518,470,20629,23,56403,22,431,3,14,5,4,32198
12519,549,73010,21,63589,8,226,10,4,2,6,45589
12520,675,70159,38,78770,24,425,2,6,4,8,18634
12521,134,57129,33,54382,1,322,7,11,10,8,8353
12522,341,43761,17,86211,2,189,7,20,5,3,71259
12523,519,32204,19,85228,10,300,5,13,10,4,72342
12524,831,87786,37,58079,7,117,9,15,9,8,88503
12525,391,63477,27,78883,25,160,7,17,2,5,23421
12526,934,87521,37,76197,22,260,5,18,1,9,36436
12527,210,69191,29,85706,13,368,5,11,2,1,57789
12528,239,83742,36,60876,10,347,8,2,8,10,42360
12529,666,49528,15,54902,10,220,4,20,9,10,22199
12530,223,33580,29,48198,4,387,2,17,5,9,0982
12531,555,22610,29,65234,5,286,9,13,3,3,13154
12532,524,68590,39,58041,26,234,2,9,6,1,74195
12533,538,41908,27,61665,30,228,7,5,4,8,23514
12534,342,88641,36,46802,9,296,2,3,6,1,66965
12535,851,18934,19,88873,30,229,2,9,8,1,22640
12536,161,44264,40,65087,16,261,2,1,2,8,6283
12537,195,30737,18,51949,4,140,3,15,10,9,76741
12538,435,12677,10,44097,19,240,7,18,6,9,47090
12539,768,26768,16,77870,21,178,8,17,1,2,63370
12540,465,57898,20,44387,14,132,2,13,1,5,39183
12541,464,48744,39,67903,23,158,3,12,8,6,73058
12542,525,31519,22,68590,5,306,8,16,6,4,18702
12543,312,11290,32,73606,27,206,5,15,5,3,41452
12544,978,18649,30,80990,27,316,10,9,3,1,4521
12545,393,34786,22,78448,19,358,1,12,4,10,3543
12546,175,41181,30,55490,12,332,3,11,7,4,15911
12547,486,18862,21,52584,22,378,2,7,6,4,53796
12548,648,41708,30,89868,11,273,1,4,9,6,55869
12549,535,46975,22,46554,4,120,9,7,5,9,6406
12550,925,47350,14,57755,2,357,4,4,2,10,51119
12551,324,34263,35,76220,20,121,2,3,9,10,44927
12552,559,77584,25,53502,30,229,1,6,10,4,61533
12553,266,53469,19,42593,16,417,6,13,4,2,76949
12554,732,25724,17,46186,29,428,1,15,4,4,71135
12555,391,50415,26,40817,16,215,9,16,7,6,15935
12556,547,71942,35,81255,24,171,8,12,4,2,4881
12557,667,38800,32,43917,25,111,7,15,6,9,74294
12558,490,51144,40,66394,18,207,8,10,9,1,38896
12559,675,75297,28,48053,17,273,1,3,1,3,24883
12560,334,32788,16,49778,26,115,7,10,6,7,9422
12561,602,78444,32,56648,11,161,2,17,10,2,71956
12562,230,65591,18,58222,20,136,9,16,4,3,73623
12563,748,41952,15,69965,22,148,2,3,8,3,78704
12564,140,50711,36,61401,9,414,8,6,6,8,58180
12565,462,61166,26,50710,28,115,6,15,4,9,29690
12566,600,85619,37,63139,20,296,2,8,4,9,21723
12567,191,12864,16,50482,7,191,2,15,8,3,62067
12568,547,25088,38,47509,4,116,7,2,7,9,59065
12569,924,40411,27,63328,18,231,7,19,8,4,38157
12570,849,12720,25,81205,14,343,4,5,10,7,42018
12571,901,87004,10,58504,18,408,1,12,5,3,57878
12572,388,25845,24,76392,13,407,8,5,10,10,33142
12573,374,17389,36,89836,16,235,5,3,10,6,29496
12574,213,28053,26,54065,6,173,8,17,8,10,37217
12575,367,82993,32,47996,7,448,8,1,6,4,24670
12576,656,49212,23,82548,22,237,2,9,4,5,0496
12577,278,73133,33,50588,6,336,1,8,4,10,42844
12578,743,14422,27,78029,27,358,9,16,7,1,4776
12579,305,57736,20,53200,13,391,1,14,9,1,57591
12580,702,22562,12,88123,21,121,8,3,9,3,77545
12581,668,43982,12,48240,29,439,6,5,9,8,75154
12582,519,49628,17,87514,10,125,2,9,5,10,31891
12583,262,29732,23,66434,23,345,7,14,3,9,1814
12584,823,61634,30,54328,19,229,6,15,5,2,37634
12585,251,85304,30,66561,3,261,9,15,8,4,2728
12586,542,37697,27,47106,30,367,3,20,4,7,83386
12587,370,79838,10,40550,9,173,4,13,9,4,44500
12588,808,44286,31,51348,22,310,5,13,2,6,73389
12589,921,87101,37,54686,13,154,9,7,5,6,86471
12590,935,73506,13,85023,3,403,9,15,8,2,11307
12591,143,38501,10,53852,8,262,6,19,3,6,49727
12592,524,35004,18,43264,15,342,1,4,1,1,64443
12593,166,56726,26,58360,29,302,5,16,6,1,20237
12594,780,29070,27,69731,25,315,6,20,4,10,47792
12595,554,50145,36,73964,2,450,8,11,9,9,51164
12596,517,45410,15,87524,4,288,7,18,3,9,68229
12597,380,59064,28,55812,3,443,3,17,9,9,11106
12598,634,27212,17,75802,5,217,6,1,6,4,44403
12599,953,51882,16,43743,29,263,7,12,1,10,88403
12600,305,63483,15,51915,13,156,2,18,9,9,84756
12601,483,64440,10,55840,20,376,7,6,10,8,29201
12602,855,26269,31,79975,21,187,1,8,3,10,18234
12603,583,76888,33,42504,1,222,5,6,10,2,9527
12604,747,29218,20,55798,17,312,1,14,5,4,21850
12605,958,55312,31,83822,21,119,2,9,9,3,73038
12606,839,43430,40,42452,10,224,3,7,1,5,15355
12607,404,80558,23,82220,8,306,5,12,6,1,80487
12608,236,73394,26,74052,8,348,5,3,5,9,9252
12609,582,67868,38,62815,9,352,3,20,8,3,54559
12610,598,39431,24,76421,6,391,10,18,1,6,18347
12611,828,25389,10,72444,12,186,1,17,8,5,48469
12612,251,56842,21,64818,28,332,6,12,6,2,77857
12613,118,17648,20,55965,14,392,4,5,1,3,2925
12614,979,27153,12,84913,15,301,9,15,4,10,19962
12615,963,25345,39,45512,6,344,6,3,8,1,68508
12616,259,13487,22,71368,17,252,5,1,7,3,6192
12617,521,36368,23,49435,15,202,7,7,6,4,38924
12618,334,36965,28,80751,16,363,8,2,8,7,41659
12619,956,17014,38,75279,22,125,4,7,9,1,30889
12620,443,29535,33,71308,18,206,7,18,8,9,83840
12621,270,89137,20,58874,10,324,1,1,6,10,87256
12622,988,69533,34,68236,30,313,10,5,10,2,49438
12623,856,71323,22,79442,20,211,6,9,8,3,27750
12624,325,24024,25,61510,28,394,5,13,5,8,89052
12625,769,29639,40,67450,9,188,10,17,7,4,55682
12626,411,82990,33,78702,15,202,1,9,9,9,43236
12627,732,62626,24,83301,16,228,10,17,4,2,8091
12628,150,51764,16,53215,8,336,1,2,2,3,50575
12629,934,84678,12,70624,3,236,9,9,2,9,89845
12630,686,12616,26,65719,12,298,5,4,10,9,0881
12631,344,68636,33,42472,13,421,2,2,10,10,57493
12632,418,42387,24,66322,3,346,6,2,8,8,13567
12633,541,57386,20,75844,29,423,4,16,4,6,12340
12634,816,88760,32,62686,21,330,2,18,9,2,79492
12635,165,80786,11,69295,8,141,9,16,10,3,6949
12636,500,77546,21,67080,6,198,3,11,10,5,86509
12637,656,61424,24,43672,26,318,2,13,4,3,78527
12638,458,75568,21,61316,25,130,10,5,2,9,35944
12639,625,81274,20,55979,18,301,8,19,7,10,16089
12640,239,63485,19,74105,28,199,7,3,9,10,84884
12641,946,83180,37,66158,27,273,10,1,2,7,18993
12642,453,43965,22,61667,7,151,5,19,2,7,81886
12643,379,20649,19,77914,22,308,9,18,6,9,40821
12644,953,75791,25,58165,8,180,10,4,1,7,41923
12645,432,76242,22,85311,2,330,4,10,2,6,39062
12646,343,71162,22,45249,20,300,6,3,1,9,67528
12647,212,56037,35,62643,19,163,9,19,7,6,83579
12648,843,63185,38,54412,14,145,1,13,8,8,75254
12649,567,85594,23,70829,17,348,6,17,9,6,81553
12650,169,26408,13,57298,1,126,1,17,4,3,60741
12651,286,36750,22,57522,8,113,4,9,6,4,68066
12652,726,58221,36,75920,11,450,9,17,8,10,33069
12653,158,39726,30,53312,6,444,4,18,8,9,29310
12654,143,42125,30,54786,30,368,5,14,6,10,40336
12655,941,41335,14,89855,27,204,2,8,8,2,62165
12656,816,43487,27,85344,22,267,7,4,6,10,16107
12657,443,28089,21,87731,18,323,3,16,5,2,55162
12658,673,85643,19,84949,18,113,10,20,8,6,28234
12659,855,48450,17,87767,10,177,1,18,9,8,41459
12660,377,17331,18,65125,20,155,8,19,8,6,40186
12661,360,64885,37,60389,27,258,1,10,7,9,30778
12662,200,64018,32,59245,5,426,6,12,2,6,35357
12663,685,70541,12,68593,12,424,8,8,1,5,84075
12664,791,40312,14,69026,17,175,5,13,8,3,24904
12665,906,33673,32,48743,13,225,7,8,4,9,53115
12666,740,85522,39,43817,8,134,7,5,10,3,70926
12667,291,74597,22,61449,28,190,6,9,10,9,23711
12668,562,56788,21,48953,27,381,8,9,2,8,36908
12669,199,87685,32,42722,30,258,5,12,7,8,5095
12670,805,38504,27,63086,19,348,9,14,2,6,24268
12671,691,66964,26,71296,2,186,8,8,9,5,4883
12672,145,69422,12,71131,16,399,2,4,8,3,42287
12673,259,81532,31,77611,20,316,4,5,8,3,83548
12674,960,66631,29,76644,7,273,7,10,5,2,23061
12675,988,48961,33,56491,19,369,6,9,2,8,60605
12676,581,22659,18,80715,4,168,2,5,1,10,42517
12677,303,47768,29,79223,21,354,10,19,1,6,61461
12678,201,39422,20,61378,29,171,7,11,2,7,20216
12679,424,51522,20,68310,25,376,1,12,5,1,68574
12680,760,15380,25,64523,23,266,4,19,9,2,4072
12681,260,74894,40,42591,26,247,6,4,9,3,51395
12682,599,68485,10,88149,14,252,6,10,5,8,9110
12683,486,72744,37,41655,1,310,5,15,6,7,75202
12684,307,85520,37,62688,11,263,10,9,10,1,28610
12685,631,83665,15,74705,27,229,5,12,2,2,5300
12686,428,30034,26,84262,5,383,7,11,10,10,83162
12687,124,23861,34,40899,17,172,10,8,10,4,4959
12688,963,19801,28,85948,25,291,5,13,4,1,83526
12689,991,72367,24,47073,7,132,6,14,1,10,18350
12690,869,15712,32,65267,6,209,2,4,6,1,50581
12691,341,52554,33,42315,27,117,8,11,4,10,10564
12692,351,34383,39,81145,11,285,6,6,6,8,45461
12693,959,12132,11,78396,15,150,8,9,4,1,15870
12694,916,42630,21,46875,30,298,8,10,8,6,68645
12695,143,24087,25,60058,29,426,10,6,7,5,39952
12696,865,83190,22,50322,9,234,7,17,6,8,69477
12697,656,23733,33,62165,11,148,7,1,10,9,27063
12698,323,18317,20,45801,2,230,10,3,9,10,44411
12699,427,89826,26,55279,15,384,7,11,5,4,54004
12700,745,22096,27,49841,3,446,5,15,7,1,77404
12701,129,29081,19,67110,5,341,6,7,6,9,43121
12702,119,48415,37,48892,28,397,8,16,1,6,49305
12703,780,62889,27,62894,11,219,10,13,7,7,49218
12704,278,69527,15,47698,27,421,5,14,3,7,4919
12705,968,28139,39,54519,29,223,7,19,2,7,60739
12706,769,64442,14,69843,13,139,4,10,6,1,23662
12707,748,72830,37,57490,8,119,1,8,9,6,23630
12708,271,81052,15,48404,10,243,10,7,1,8,63452
12709,859,12815,10,85861,11,275,4,13,6,10,61363
12710,172,10815,34,50762,10,444,5,18,7,2,23943
12711,920,75455,19,75149,21,133,8,15,9,8,77395
12712,120,30371,22,55303,29,346,2,6,10,5,22835
12713,660,12061,14,59734,4,252,6,3,6,10,42884
12714,407,26241,23,70429,14,260,6,3,6,2,45791
12715,316,70648,28,45087,8,198,5,18,6,4,32296
12716,292,19038,25,57474,27,193,6,11,9,8,61904
12717,725,45932,11,62677,14,257,4,17,9,9,5706
12718,330,12657,22,72971,15,305,5,16,3,5,59943
12719,256,31553,36,84064,23,285,7,12,3,6,63532
12720,716,89968,36,62324,11,257,1,15,5,9,80430
12721,200,11102,25,52583,3,170,10,8,7,1,67613
12722,487,53124,34,54787,24,224,6,13,8,9,23768
12723,957,79122,34,75795,14,152,9,10,3,10,51705
12724,159,81653,22,86625,6,408,3,2,5,1,65151
12725,403,46562,34,78379,5,149,6,4,6,7,24859
12726,989,67705,34,66263,8,395,4,6,7,2,5294
12727,913,57531,31,81128,21,214,3,20,10,7,22312
12728,949,84867,21,40067,24,170,3,14,6,1,76780
12729,313,45384,26,65578,10,260,7,3,3,6,56036
12730,341,24958,17,61754,18,424,10,8,4,9,40935
12731,694,36417,34,48449,3,168,2,14,2,7,32300
12732,331,27625,33,81543,24,302,7,5,2,2,52212
12733,349,14731,21,48735,25,415,7,16,9,7,39722
12734,475,59520,22,60880,19,264,7,11,5,6,35938
12735,498,19513,37,62890,9,316,4,16,3,3,41121
12736,317,63139,33,72430,10,317,5,15,9,6,51796
12737,244,47566,37,81208,18,147,1,1,5,6,38084
12738,246,62218,13,56339,10,135,7,11,4,4,14734
12739,478,12088,26,59698,13,300,1,15,7,9,4946
12740,992,19313,17,44963,11,370,6,7,9,10,64310
12741,307,30785,32,84442,23,240,8,12,1,6,61119
12742,399,26037,15,64422,25,364,7,2,5,3,72733
12743,113,45698,38,41339,22,346,7,19,5,8,61683
12744,857,44657,34,69483,19,397,3,9,1,8,26337
12745,696,35060,16,67805,2,170,2,9,8,9,64263
12746,318,58872,14,56218,21,378,10,13,3,8,18090
12747,149,88177,18,88053,5,365,3,16,8,6,76496
12748,421,39985,33,79172,19,336,7,4,1,1,69325
12749,538,58348,36,48281,12,133,9,16,8,2,33616
12750,295,85088,29,66172,7,355,1,12,5,4,37405
12751,138,47170,28,77069,29,315,1,19,7,9,47138
12752,628,39358,14,40515,18,366,6,8,9,5,18210
12753,671,22199,14,62864,16,384,6,16,5,10,55656
12754,984,87863,22,82062,2,111,5,13,5,5,84563
12755,676,13549,26,76800,22,415,6,3,9,4,84797
12756,964,50868,34,79577,9,299,4,15,5,1,9116
12757,973,38399,22,73397,22,274,3,20,3,1,59395
12758,590,15397,29,65550,22,205,7,18,8,1,42134
12759,914,19959,34,55030,28,347,2,6,9,7,63764
12760,286,34174,32,76905,28,141,10,8,1,1,32255
12761,820,74732,26,58484,16,239,9,17,3,7,31126
12762,609,31207,18,58262,9,333,4,10,10,6,8359
12763,507,69621,24,82246,20,372,10,12,1,10,52740
12764,170,82126,15,82488,13,150,9,5,7,9,25754
12765,973,74956,24,83345,2,214,3,10,4,2,5476
12766,894,69126,13,85890,29,173,7,18,8,4,63377
12767,376,37488,10,59251,18,254,7,15,6,9,8854
12768,217,87636,18,45942,2,179,7,12,10,7,47684
12769,141,10261,18,86883,11,155,5,11,9,3,8887
12770,744,51795,27,50971,20,177,4,11,9,7,1616
12771,210,18971,27,56158,26,449,4,16,1,7,64239
12772,338,14071,14,82179,29,429,4,4,7,3,72473
12773,144,56566,27,49699,30,236,1,2,8,1,16590
12774,212,73302,17,42588,5,268,4,6,3,3,47854
12775,195,22537,12,55998,28,289,7,2,6,10,23074
12776,729,13663,36,72489,13,278,5,20,3,6,63777
12777,420,23925,16,56387,20,174,6,5,7,10,46488
12778,234,61059,32,75956,24,410,5,8,8,3,56548
12779,151,38897,19,59133,25,297,4,6,3,10,23879
12780,848,88299,10,54145,7,235,10,3,3,10,1306
12781,419,84857,40,79704,27,261,2,4,2,4,86761
12782,178,37039,29,87370,27,179,3,15,10,2,65560
12783,476,59960,31,66259,29,426,6,2,3,3,30531
12784,979,36545,32,50016,14,418,1,10,6,7,37526
12785,162,81243,12,80934,10,244,1,16,1,10,40798
12786,152,69483,17,49757,3,274,10,14,10,6,78257
12787,944,64594,28,89016,10,387,6,15,8,2,85076
12788,136,21189,13,71017,15,307,3,6,8,5,45213
12789,631,67054,27,44460,11,206,9,17,10,4,35275
12790,858,59068,35,59883,24,182,8,4,4,10,85491
12791,312,53560,28,71861,5,205,5,5,2,3,29508
12792,452,48909,37,51258,29,390,6,14,8,10,39678
12793,467,74900,28,76285,26,324,6,4,10,6,44500
12794,708,40459,39,69146,4,404,6,4,6,6,42733
12795,511,26069,31,87227,24,258,1,6,3,9,43569
12796,441,64798,18,88192,9,424,1,13,10,6,78334
12797,603,80095,30,68061,7,425,8,20,2,4,18994
12798,777,78102,13,69774,28,327,5,13,10,2,28294
12799,547,39821,13,50448,19,357,8,5,3,4,0981
12800,634,17376,23,41454,18,389,2,15,5,3,77166
12801,522,24900,18,87245,14,121,7,12,4,8,42787
12802,647,66002,39,50368,15,227,9,18,10,9,16955
12803,861,41193,29,40120,8,181,4,6,6,4,43826
12804,555,70229,28,75047,20,416,9,2,2,8,16160
12805,748,43165,22,42011,9,368,4,19,8,4,18775
12806,946,71644,11,49251,13,278,1,7,1,7,69846
12807,285,67431,35,49114,21,170,5,20,5,4,21619
12808,169,45191,37,51504,6,197,2,4,10,4,6972
12809,181,20891,30,69586,16,368,4,7,9,2,47083
12810,325,60198,18,46107,13,361,7,9,8,9,36833
12811,906,47939,29,83459,26,285,4,17,5,5,73185
12812,489,49322,33,77962,13,320,6,4,8,1,48622
12813,393,80217,37,48538,24,191,10,16,7,9,3689
12814,382,64443,30,62242,11,360,5,17,3,8,86348
12815,469,64875,21,76815,2,251,9,3,4,9,57825
12816,445,64386,12,66639,29,184,9,5,4,4,15333
12817,424,17932,28,61120,9,148,3,4,6,2,38314
12818,413,67246,30,62042,22,326,4,5,5,7,73389
12819,471,86681,12,75968,17,120,6,5,1,1,79481
12820,945,76044,40,61204,9,250,8,11,2,8,75198
12821,271,44936,31,89369,4,242,10,19,6,6,38024
12822,672,55895,17,76988,10,443,10,17,10,7,69392
12823,397,69075,32,73797,20,198,9,13,3,6,57088
12824,628,64082,25,60222,25,279,8,11,1,6,64548
12825,381,52060,27,40633,28,219,2,9,8,8,19549
12826,798,52144,10,60060,28,374,7,19,3,4,79971
12827,958,52247,33,72177,10,444,10,2,9,5,78825
12828,874,87361,18,54822,30,414,6,9,8,2,52056
12829,575,24636,26,71567,25,279,6,3,4,8,38773
12830,506,81515,15,52808,19,281,9,8,3,1,7424
12831,508,69087,17,64158,3,386,10,18,4,2,19774
12832,987,39978,31,82101,22,433,7,12,2,3,89158
12833,153,67049,37,44074,9,377,3,16,6,3,26007
12834,370,14230,24,42583,2,303,7,5,4,7,7120
12835,542,29921,40,54672,7,372,7,19,2,3,89330
12836,790,33101,18,61762,19,299,9,4,2,4,28337
12837,317,59980,25,55382,28,205,6,14,7,3,75853
12838,717,44069,40,53206,3,189,6,9,9,3,36142
12839,848,46198,16,44501,1,237,10,9,7,10,7262
12840,388,27220,39,46554,23,392,2,6,6,2,87618
12841,932,56873,36,74481,2,148,6,6,1,2,27784
12842,754,83450,37,41682,29,242,3,1,4,9,52621
12843,766,83803,13,81978,6,389,6,1,8,6,0950
12844,326,70408,23,55353,12,443,7,12,4,6,72091
12845,137,53087,10,46703,13,365,1,15,1,3,0724
12846,236,89532,23,43060,17,221,6,15,5,2,18569
12847,660,34832,18,61646,6,414,6,8,10,6,22808
12848,450,83694,34,41371,9,251,5,15,7,7,57331
12849,538,26087,28,55456,17,177,3,20,4,5,44956
12850,131,48077,12,50746,23,226,5,10,1,3,46797
12851,395,43979,13,72299,12,367,4,4,8,3,1204
12852,699,13848,36,83182,1,363,10,9,9,5,81740
12853,693,55600,16,63779,25,111,3,3,7,2,45737
12854,682,86702,27,52871,29,135,10,13,2,4,46213
12855,327,15921,10,51931,10,144,4,1,7,9,83826
12856,963,62424,39,43224,5,268,7,1,4,6,5068
12857,480,47070,12,68280,28,257,6,14,5,6,25968
12858,286,10436,15,61492,18,273,6,17,5,10,83807
12859,838,29793,30,56277,3,247,3,10,5,10,57089
12860,945,36173,24,70796,16,174,7,15,6,6,65954
12861,681,25067,23,48518,25,212,5,16,9,8,63038
12862,347,72669,13,46272,18,200,9,5,10,5,6541
12863,933,25663,18,50475,14,317,5,14,4,7,14389
12864,723,71128,23,79042,22,247,5,19,4,7,27850
12865,607,48543,36,68624,17,118,4,2,8,4,18712
12866,476,48620,32,45367,1,334,10,12,10,8,36346
12867,514,87709,35,84422,16,368,3,3,9,1,43871
12868,813,37712,18,78712,27,201,8,11,9,3,47926
12869,193,65343,30,77891,17,425,8,20,9,6,77189
12870,363,41365,34,55334,21,209,9,7,7,3,51300
12871,202,84838,38,84308,17,300,4,15,5,8,32715
12872,126,75782,22,65921,7,350,10,20,9,10,13934
12873,118,29518,18,79747,5,148,8,4,9,4,21737
12874,858,26449,18,46305,4,251,4,7,4,7,19885
12875,341,30604,18,62689,12,239,8,1,4,4,75131
12876,144,29946,22,53093,27,174,1,17,2,1,7979
12877,983,73794,23,83817,19,125,3,4,2,8,44920
12878,890,35685,12,58474,26,415,8,7,8,6,80317
12879,484,34861,19,50715,21,188,5,15,3,10,15265
12880,521,88006,38,55317,1,217,1,3,7,5,53790
12881,911,63863,11,59049,1,210,6,8,6,9,31378
12882,768,48573,21,46093,12,387,9,19,9,9,18036
12883,221,66468,30,52818,18,297,2,8,4,5,51891
12884,604,74727,23,76668,26,445,1,4,10,5,31395
12885,451,10897,12,40237,26,120,10,17,4,1,87428
12886,437,49063,26,54614,25,374,3,4,5,7,70906
12887,568,70807,11,70684,29,121,9,14,8,4,25947
12888,821,84891,38,55167,28,171,7,1,10,4,24843
12889,613,85939,20,53990,24,228,8,15,4,8,10500
12890,406,71491,26,74632,17,411,9,1,2,7,31452
12891,767,18511,13,51395,13,294,8,3,4,1,38614
12892,294,22100,16,66805,7,362,5,7,10,2,61919
12893,643,14707,23,57170,13,436,1,5,7,8,61341
12894,700,84082,26,67705,18,179,5,11,4,2,13560
12895,907,85198,38,81661,23,446,6,5,2,2,72831
12896,250,37480,35,76283,18,435,10,17,9,8,76152
12897,176,39069,15,44196,17,202,7,14,10,2,59424
12898,421,80630,17,68737,11,137,3,6,8,6,63617
12899,953,16670,15,71448,10,362,2,13,1,6,49498
12900,259,89804,32,55089,9,352,8,17,5,9,28647
12901,673,74372,34,52261,4,239,8,2,10,8,26515
12902,155,60623,24,84754,19,375,10,11,8,8,69072
12903,274,33710,27,52218,13,180,7,13,4,10,60976
12904,681,61464,21,64701,16,389,2,2,4,6,79126
12905,902,57839,17,51164,23,355,1,7,6,10,16943
12906,504,62652,34,71582,6,336,8,7,2,5,73564
12907,714,87501,33,53626,24,268,8,9,6,6,75831
12908,885,32633,40,61352,18,131,9,13,9,1,46585
12909,395,43658,11,75114,19,119,1,8,7,9,38611
12910,198,26649,16,57352,6,325,9,17,1,3,29949
12911,407,69967,35,46090,11,143,1,5,7,8,2962
12912,306,29799,34,60484,27,297,9,15,10,9,55308
12913,856,86421,25,87598,23,365,1,3,4,9,76664
12914,517,45951,21,77691,14,208,8,3,7,10,43348
12915,800,59590,40,84735,27,444,6,19,2,6,13410
12916,308,75390,40,78456,11,189,3,7,7,3,52845
12917,844,83313,30,78985,25,377,5,5,6,1,18262
12918,368,49670,22,62823,10,235,2,13,2,3,80382
12919,129,12510,38,68705,12,343,5,11,9,3,34323
12920,457,22222,37,48684,13,231,5,10,2,8,64929
12921,664,41948,20,72880,29,433,5,3,7,8,19093
12922,786,41870,34,49588,22,373,4,8,6,4,11705
12923,641,19558,33,82584,16,403,4,1,1,1,28918
12924,308,13408,28,56375,15,446,10,7,1,7,74471
12925,486,89826,26,69307,23,423,5,5,6,2,84768
12926,548,57919,26,40276,17,144,7,17,2,6,80554
12927,447,75740,14,83111,6,256,2,20,1,5,83611
12928,552,50793,31,40154,25,199,3,14,7,10,53451
12929,859,39596,37,83665,19,280,5,3,3,2,67853
12930,400,65327,20,77001,20,439,8,14,4,2,47307
12931,700,41399,11,81535,7,138,4,1,9,7,16402
12932,532,65340,29,59604,6,346,7,8,6,7,82563
12933,445,34336,25,53251,10,139,8,12,9,6,7043
12934,863,24029,11,69900,11,216,9,20,4,1,65156
12935,214,80266,33,88842,3,275,6,9,3,1,59257
12936,347,85204,15,68882,21,287,4,19,10,8,70639
12937,368,70958,16,75545,17,151,10,4,2,8,58911
12938,817,55433,35,40899,28,416,8,8,1,8,89707
12939,233,39590,27,87552,26,415,5,12,6,5,73622
12940,652,12230,15,48890,2,175,3,1,1,4,59881
12941,905,55932,26,70645,25,340,9,9,6,8,70340
12942,529,84538,40,50036,16,309,7,3,8,7,30784
12943,848,53912,22,45195,5,355,2,8,5,10,48157
12944,762,57846,14,48251,11,257,3,15,8,6,87252
12945,936,81494,30,79405,13,123,1,3,1,2,79660
12946,648,48596,24,72444,29,219,7,5,4,4,82238
12947,959,76968,31,74561,13,343,10,12,9,7,53771
12948,781,51233,31,84073,11,245,2,1,8,10,24525
12949,906,28277,22,87086,5,226,1,6,4,8,44915
12950,978,59761,37,69768,15,433,7,17,5,1,8970
12951,238,55783,26,66962,21,395,2,13,4,5,34960
12952,571,23604,28,58786,17,215,7,12,7,8,70006
12953,764,57833,30,64534,8,263,3,19,6,2,54673
12954,769,84782,34,54170,20,281,10,11,9,3,8999
12955,768,71673,14,89303,29,202,6,2,4,7,20784
12956,250,44028,18,43873,30,447,10,3,4,9,43786
12957,317,37476,37,71030,3,331,6,2,8,8,12666
12958,215,55313,22,85535,12,180,7,19,6,1,86682
12959,691,56725,23,45306,11,360,5,8,2,10,41479
12960,177,84499,36,73537,3,262,2,15,3,4,50111
12961,505,25811,25,66045,28,411,6,15,2,9,17021
12962,392,34707,20,57366,1,299,9,4,6,2,73361
12963,599,49759,12,54034,28,127,2,19,6,5,9873
12964,839,14292,38,84138,17,354,8,2,10,6,32907
12965,256,24965,38,87195,25,193,8,13,7,2,57029
12966,702,88285,11,59488,30,211,8,13,6,10,29831
12967,187,44711,30,61572,10,189,5,20,7,2,78246
12968,513,48333,34,69008,1,310,5,11,9,7,47874
12969,519,52667,35,52377,11,255,8,2,6,7,79839
12970,309,37427,29,69578,6,170,8,17,6,5,31502
12971,166,55236,12,80877,25,156,6,13,1,5,53889
12972,425,29629,13,79749,2,391,5,1,4,8,9964
12973,728,45246,23,74406,26,198,1,11,5,2,17874
12974,903,85272,18,83288,16,233,3,2,8,2,43030
12975,187,33879,29,89879,16,148,5,4,2,5,21189
12976,664,74306,33,68285,29,237,9,1,10,10,24377
12977,552,29450,20,64080,12,359,6,11,5,4,19396
12978,146,46286,27,49735,4,232,10,1,6,4,32803
12979,445,29092,10,55584,18,148,10,11,8,6,81092
12980,458,84628,38,67398,21,445,6,12,3,3,75653
12981,125,83643,17,40310,25,394,9,3,7,3,58982
12982,573,36099,11,85482,17,265,1,20,10,9,50449
12983,919,62196,20,68196,16,287,9,17,9,9,1120
12984,778,66971,35,65619,5,117,6,12,10,5,86788
12985,343,43228,27,76383,14,165,7,12,1,5,76509
12986,687,68011,27,48953,10,364,5,1,3,8,63542
12987,918,81326,12,59016,11,141,8,15,5,7,4792
12988,550,42914,25,78573,10,339,6,20,3,10,69457
12989,791,27533,23,49350,8,154,9,8,6,2,4447
12990,610,39713,11,59090,22,337,2,13,1,10,54861
12991,616,76160,30,57363,24,186,2,18,10,4,60812
12992,297,84663,22,67576,22,321,9,1,9,8,44490
12993,891,54972,35,88645,12,126,9,16,9,9,84825
12994,215,85880,15,63056,29,163,4,7,1,8,3777
12995,137,43229,20,56714,8,270,10,16,9,4,26416
12996,147,66515,12,57798,16,392,3,3,10,2,80063
12997,806,63501,36,89450,18,166,4,4,7,6,24480
12998,213,50460,22,83523,9,272,7,9,3,4,43920
12999,550,21914,40,72601,17,435,1,3,5,8,41991
13000,326,23235,25,48270,12,311,5,18,1,10,51671
13001,411,67686,29,73070,21,316,7,10,10,4,11110
13002,606,38521,37,44556,9,399,6,16,9,9,29805
13003,640,34889,30,87267,22,383,5,4,7,4,65765
13004,140,18082,21,73996,29,350,5,12,7,3,69984
13005,510,42654,19,43684,5,410,6,20,7,4,22511
13006,716,52724,17,83053,1,118,4,11,3,8,3843
13007,693,10320,21,83234,9,117,10,3,2,6,17971
13008,951,58030,33,59040,9,363,2,12,1,8,8822
13009,752,52664,28,74186,2,443,2,20,3,4,79843
13010,139,83501,16,76849,25,371,3,19,10,10,46845
13011,139,56340,27,58446,21,327,7,10,6,5,36529
13012,798,42450,11,47648,15,310,3,20,8,2,39464
13013,302,88183,17,82221,9,424,4,5,8,8,19463
13014,723,65470,11,60760,1,198,3,13,7,3,88292
13015,816,14004,21,73476,7,410,8,3,7,1,64178
13016,873,65419,23,63170,3,271,10,4,3,9,48910
13017,195,14871,27,51252,14,117,1,6,2,10,36123
13018,558,62650,19,57110,8,235,5,8,9,3,57142
13019,883,88244,27,64779,9,146,4,3,9,2,1627
13020,316,61822,27,67379,8,422,9,12,6,8,52243
13021,977,79970,32,79537,21,161,1,7,4,9,73226
13022,395,27389,22,51967,27,132,5,16,6,6,4128
13023,835,14592,29,78279,22,136,6,5,4,3,7337
13024,869,80487,38,52751,20,171,8,13,5,1,34912
13025,626,78245,30,49739,23,329,3,6,6,10,15828
13026,701,27496,28,68767,17,112,4,16,1,4,2630
13027,465,44660,35,47288,25,319,7,7,4,6,55879
13028,715,83297,13,76406,8,408,3,15,1,9,44132
13029,360,80624,21,43897,6,436,1,18,8,1,58296
13030,284,23820,19,88554,26,131,3,6,5,8,47162
13031,328,42544,11,52846,13,173,7,12,10,10,14985
13032,289,41534,20,78573,10,367,9,4,5,2,21552
13033,757,52559,27,63338,17,324,9,9,7,2,8515
13034,864,89654,25,70469,9,130,2,15,10,2,11344
13035,473,80086,27,47484,11,322,3,1,9,1,64581
13036,323,57483,10,62794,7,115,8,15,5,5,37856
13037,292,77311,37,59053,15,156,5,12,5,10,48590
13038,941,12623,14,67887,29,296,1,6,5,9,83462
13039,876,16510,26,87710,3,309,5,8,2,7,63398
13040,408,70383,25,82081,13,369,3,12,6,1,24375
13041,599,42898,34,76252,23,230,5,14,9,1,25772
13042,905,52028,39,65952,27,394,5,6,6,7,3532
13043,206,42881,36,82225,6,270,5,10,3,7,71466
13044,791,20362,17,69822,22,151,2,19,10,4,11084
13045,628,63742,15,78568,12,320,4,3,4,6,63070
13046,912,24061,33,46644,29,285,6,10,4,5,60628
13047,665,39681,15,49881,26,171,10,14,7,9,80646
13048,712,68846,21,87655,5,329,1,13,7,4,35371
13049,471,34406,34,47418,23,157,10,7,3,2,29625
13050,548,13686,38,63720,3,206,8,5,4,7,65566
13051,918,81429,12,87297,22,251,3,5,1,2,82579
13052,448,21577,31,46135,12,189,8,8,10,2,2427
13053,832,31107,13,63108,22,374,3,19,9,9,2266
13054,753,23407,16,86086,30,365,6,13,5,7,57275
13055,318,15408,18,70263,7,149,5,11,10,7,20061
13056,459,84017,13,70481,27,265,2,8,2,3,4165
13057,454,58498,32,63354,10,159,2,1,9,10,70902
13058,672,60716,18,53234,22,142,10,18,8,9,53743
13059,174,19099,32,86140,8,146,2,10,2,8,11234
13060,704,30045,25,74037,26,224,2,14,6,3,54448
13061,845,86468,18,84477,30,348,10,11,9,5,84846
13062,391,26419,35,43207,12,450,5,5,10,6,50907
13063,883,79198,22,63332,23,241,8,15,9,4,23084
13064,602,89517,31,86065,11,140,10,2,1,1,29120
13065,256,11684,33,75936,4,164,7,2,5,3,28707
13066,356,69252,29,67748,27,356,1,18,4,6,88599
13067,814,12941,19,78448,15,195,4,20,5,9,23793
13068,438,61362,13,68996,15,219,7,14,1,3,69007
13069,297,40233,16,82266,2,412,2,20,3,4,56264
13070,691,79553,33,49008,3,325,4,19,8,3,60433
13071,735,12692,38,80226,27,311,7,14,10,10,37237
13072,786,80064,12,64695,12,376,5,17,7,9,56375
13073,596,58080,28,55228,17,383,8,16,2,8,5393
13074,831,78316,30,56343,5,224,2,13,5,9,70173
13075,577,30606,40,71593,19,422,3,10,10,5,41536
13076,225,85629,33,48109,13,443,7,2,7,3,42500
13077,743,79381,40,82040,15,318,7,5,1,10,32652
13078,242,85063,10,64411,30,401,9,16,2,1,2776
13079,827,41029,27,64410,26,206,2,18,10,7,87818
13080,214,27400,16,65432,10,131,1,9,8,7,10209
13081,680,21422,31,82837,27,381,6,5,2,10,0557
13082,745,29708,38,80254,20,406,3,20,2,5,17294
13083,551,14961,13,87404,5,139,9,5,8,1,8391
13084,513,50873,13,78612,5,133,8,5,6,7,85260
13085,498,79095,22,50783,2,199,10,7,4,2,14666
13086,758,13313,38,40432,30,316,3,12,10,10,74226
13087,861,66817,34,43576,16,188,8,19,1,1,53932
13088,842,42628,35,45425,19,282,4,6,10,4,60609
13089,430,54525,25,43085,6,258,1,14,8,5,32337
13090,924,42772,30,81391,27,440,1,1,4,3,17374
13091,546,87396,24,41029,22,188,8,10,8,9,51359
13092,276,17651,37,89143,18,188,10,10,6,4,5141
13093,316,11970,12,59483,13,144,2,15,6,5,25177
13094,429,25587,37,64168,13,388,1,11,4,9,73450
13095,767,38118,23,50594,18,251,1,19,5,2,46425
13096,462,10329,10,78399,21,382,2,17,1,1,9682
13097,675,54001,13,40796,8,277,5,20,3,8,37881
13098,582,44798,18,51786,15,275,4,5,4,1,58772
13099,789,79335,10,84251,11,190,1,17,2,5,28982
13100,862,39022,35,79855,16,132,7,16,1,4,14490
13101,274,30661,15,65201,5,133,1,14,9,9,12069
13102,524,38668,14,73018,30,417,8,4,9,5,82491
13103,649,31486,12,58986,10,174,2,8,2,2,83915
13104,760,64109,30,65483,9,155,1,14,3,6,86400
13105,356,89424,33,54614,2,191,4,4,2,5,20893
13106,226,58388,23,73011,30,222,9,9,2,9,48419
13107,874,39065,24,52816,26,425,1,2,3,3,75233
13108,988,48271,18,72359,2,398,7,11,1,3,43102
13109,358,10010,36,83248,9,340,6,1,8,2,77813
13110,701,20620,19,82549,22,284,5,14,8,3,16762